[IMATEC] ¿Una potencia física de 0 dBm equivale exactamente a 1 mW?	<b>Verdadero (V)</b><br><br><i>Verdadero. 10 * log10(1 mW / 1 mW) = 0 dBm.</i>
[IMATEC] ¿Duplicar la potencia física de una señal representa un incremento de aproximadamente +3 dB?	<b>Verdadero (V)</b><br><br><i>Verdadero. 10 * log10(2) = 3.01 dB.</i>
[IMATEC] Una potencia de +30 dBm corresponde a una potencia de 100 W.	<b>Falso (F)</b><br><br><i>Falso. 30 dBm = 1000 mW = 1 W.</i>
[IMATEC] ¿Una relación de ganancias de tensión de 20 dB multiplica la amplitud de la señal por un factor de 10?	<b>Verdadero (V)</b><br><br><i>Verdadero. 20 * log10(10) = 20 dB.</i>
[IMATEC] ¿La multiplicación de números complejos en forma polar suma sus ángulos y multiplica sus módulos?	<b>Verdadero (V)</b><br><br><i>Verdadero. Identidad fasorial r1/_th1 * r2/_th2 = (r1*r2)/_(th1+th2).</i>
[IMATEC] ¿El prefijo pico (p) representa un factor de escala de 10^-12?	<b>Verdadero (V)</b><br><br><i>Verdadero. Sistema Internacional de Unidades.</i>
[IMATEC] Una atenuación de 3 dB reduce la potencia de la señal al 10% de su valor original.	<b>Falso (F)</b><br><br><i>Falso. Reduce la potencia exactamente a la mitad (50%).</i>
[IMATEC] ¿En telecomunicaciones la impedancia de 50 ohms es el compromiso estándar entre potencia máxima y pérdidas mínimas en cables coaxiales?	<b>Verdadero (V)</b><br><br><i>Verdadero. El compromiso entre 30 ohms (máxima potencia) y 77 ohms (mínima atenuación).</i>
[IMATEC] ¿La frecuencia f y el periodo T de una sinusoide cumplen la relación f = 1 / T?	<b>Verdadero (V)</b><br><br><i>Verdadero.</i>
[IMATEC] ¿Un fasor representa la envolvente compleja y fase de una señal armónica a pulsación fija omega?	<b>Verdadero (V)</b><br><br><i>Verdadero. Permite convertir ecuaciones diferenciales en algebraicas en régimen permanente senoidal.</i>
[IMATEC] Un nivel de 0 dBW equivale exactamente a 0 dBm.	<b>Falso (F)</b><br><br><i>Falso. 0 dBW equivale a +30 dBm (1 W = 1000 mW).</i>
[IMATEC] ¿El producto escalar de dos fasores o vectores ortogonales en el plano complejo es cero?	<b>Verdadero (V)</b><br><br><i>Verdadero. Debido al ángulo de 90 grados cuyo coseno es cero.</i>
[CCE] ¿El teorema de máxima transferencia de potencia establece que la carga debe ser igual a Rth para maximizar la potencia disipada?	<b>Verdadero (V)</b><br><br><i>Verdadero. Al derivar P_L respecto a R_L e igualar a cero se obtiene R_L = R_th.</i>
[CCE] ¿El principio de superposición es aplicable al cálculo directo de potencias?	<b>Falso (F)</b><br><br><i>Falso. La potencia es cuadrática (P = I^2*R); solo se pueden superponer tensiones y corrientes.</i>
[CCE] En un divisor de tensión con R1=1k y R2=3k alimentado a 12V, la tensión en bornes de R2 es 9V.	<b>Verdadero (V)</b><br><br><i>Verdadero. Vo = 12 * (3 / (1 + 3)) = 9.0 V.</i>
[CCE] ¿La caída de tensión típica en directa de un diodo de silicio es de aproximadamente 0.7 V?	<b>Verdadero (V)</b><br><br><i>Verdadero. Debido al potencial de contacto y la banda prohibida del silicio a 300 K.</i>
[CCE] Si un circuito lineal tiene Voc = 10V y Isc = 2A, su resistencia de Thévenin es de 20 ohms.	<b>Falso (F)</b><br><br><i>Falso. Rth = Voc / Isc = 10V / 2A = 5 ohms.</i>
[CCE] ¿La ley de corrientes de Kirchhoff (KCL) se fundamenta en la conservación de la carga eléctrica?	<b>Verdadero (V)</b><br><br><i>Verdadero. En régimen cuasiestacionario la carga neta en cualquier nodo cerrado permanece constante.</i>
[CCE] ¿La ley de tensiones de Kirchhoff (KVL) se fundamenta en el carácter conservativo del campo electrostático?	<b>Verdadero (V)</b><br><br><i>Verdadero. La integral de línea del campo eléctrico sobre un lazo cerrado es nula.</i>
[CCE] En un transistor BJT en zona activa directa, la corriente de colector Ic depende fuertemente de Vce.	<b>Falso (F)</b><br><br><i>Falso. Ic = beta * Ib y es casi independiente de Vce (salvo por el efecto Early secundario).</i>
[CCE] ¿La resistencia dinámica de pequeña señal de un diodo polarizado con ID0 es rd = VT / ID0?	<b>Verdadero (V)</b><br><br><i>Verdadero. Derivando la ecuación de Shockley dVD/dID = VT / ID0.</i>
[CCE] ¿Un amplificador operacional ideal con realimentación negativa mantiene un cortocircuito virtual entre sus entradas?	<b>Verdadero (V)</b><br><br><i>Verdadero. Como Aol -> infinito, (V+ - V-) = Vo / Aol = 0.</i>
[CCE] La resistencia equivalente de dos resistencias idénticas R en paralelo es 2R.	<b>Falso (F)</b><br><br><i>Falso. R_eq = (R * R) / (R + R) = R / 2.</i>
[CCE] ¿El nudo de referencia o masa se define arbitrariamente con potencial de 0 voltios?	<b>Verdadero (V)</b><br><br><i>Verdadero. Sirve de origen de potenciales para todo el circuito.</i>
[APR] ¿La búsqueda binaria sobre un array ordenado de N elementos tiene complejidad O(log N)?	<b>Verdadero (V)</b><br><br><i>Verdadero. En cada iteración el espacio de búsqueda se reduce a la mitad.</i>
[APR] ¿El operador '&' en C obtiene la dirección de memoria de una variable?	<b>Verdadero (V)</b><br><br><i>Verdadero. Es el operador address-of.</i>
[APR] El algoritmo de ordenación Bubble Sort tiene complejidad en el mejor caso O(1).	<b>Falso (F)</b><br><br><i>Falso. Con optimización requiere O(N) para verificar que ya está ordenado.</i>
[APR] ¿El paso de parámetros por valor en C crea una copia local que no modifica la variable llamante?	<b>Verdadero (V)</b><br><br><i>Verdadero. Para modificar la variable externa debe pasarse un puntero a su dirección.</i>
[APR] Si un puntero a int (4 bytes) apunta a 0x2000, p + 2 apunta a la dirección 0x2002.	<b>Falso (F)</b><br><br><i>Falso. La aritmética de punteros escala por el tamaño del tipo: 0x2000 + 2*4 = 0x2008.</i>
[APR] ¿La función 'malloc()' reserva memoria contigua en el segmento Heap?	<b>Verdadero (V)</b><br><br><i>Verdadero. El montículo (heap) gestiona memoria dinámica hasta la invocación de free().</i>
[APR] ¿Una función recursiva sin caso base provoca un desbordamiento de pila (stack overflow)?	<b>Verdadero (V)</b><br><br><i>Verdadero. Se acumulan marcos de activación hasta agotar el espacio del stack.</i>
[APR] En el estándar C, el tipo 'char' tiene un tamaño estrictamente dependiente de la arquitectura que puede ser 4 bytes.	<b>Falso (F)</b><br><br><i>Falso. sizeof(char) es siempre 1 byte por definición del estándar.</i>
[APR] ¿Las cadenas de texto en C deben finalizar obligatoriamente con el carácter nulo '\0'?	<b>Verdadero (V)</b><br><br><i>Verdadero. Sirve como centinela de fin de cadena para todas las funciones estándar de <string.h>.</i>
[APR] ¿Un algoritmo con complejidad O(N log N) es asintóticamente más rápido que uno O(N^2) para N grande?	<b>Verdadero (V)</b><br><br><i>Verdadero. La tasa de crecimiento de N log N es muy inferior a la cuadrática.</i>
[APR] El operador 'sizeof' en C se evalúa exclusivamente durante el tiempo de ejecución (runtime).	<b>Falso (F)</b><br><br><i>Falso. Es un operador evaluado en tiempo de compilación (salvo para VLA en C99).</i>
[APR] ¿El bucle 'do-while' garantiza que su cuerpo de instrucciones se ejecute al menos una vez?	<b>Verdadero (V)</b><br><br><i>Verdadero. La condición booleana se evalúa al final de la iteración.</i>
[F] ¿En un oscilador armónico simple, la aceleración es directamente proporcional a la posición pero de sentido contrario?	<b>Verdadero (V)</b><br><br><i>Verdadero. a(t) = -w0^2 * x(t).</i>
[F] ¿La velocidad de propagación de una onda mecánica transversal aumenta al incrementar la tensión del medio?	<b>Verdadero (V)</b><br><br><i>Verdadero. v = sqrt(T / mu).</i>
[F] La energía cinética de una partícula se duplica cuando su velocidad se duplica.	<b>Falso (F)</b><br><br><i>Falso. La energía cinética es proporcional al cuadrado de la velocidad (Ec = 0.5 * m * v^2), por lo que se cuadruplica.</i>
[F] ¿El campo electrostático en el interior de un conductor en equilibrio electrostático es nulo?	<b>Verdadero (V)</b><br><br><i>Verdadero. Las cargas libres superficiales se reorganizan cancelando cualquier campo interno.</i>
[F] La capacidad de un condensador plano depende del voltaje aplicado a sus placas.	<b>Falso (F)</b><br><br><i>Falso. C = eps * A / d; la capacidad depende de la geometría y del material dieléctrico, no de la tensión.</i>
[F] ¿El primer principio de la termodinámica establece la conservación de la energía en la forma dU = dQ - dW?	<b>Verdadero (V)</b><br><br><i>Verdadero. La variación de energía interna es igual al calor neto recibido menos el trabajo realizado.</i>
[F] ¿En un choque perfectamente elástico se conservan simultáneamente el momento lineal y la energía cinética?	<b>Verdadero (V)</b><br><br><i>Verdadero. Por definición no hay disipación de energía mecánica en calor o deformación permanente.</i>
[F] ¿El efecto Doppler describe el cambio en la frecuencia observada debido al movimiento relativo entre la fuente y el receptor?	<b>Verdadero (V)</b><br><br><i>Verdadero. La frecuencia aparente aumenta al acercarse y disminuye al alejarse.</i>
[F] Un proceso termodinámico adiabático es aquel que ocurre a temperatura rigurosamente constante.	<b>Falso (F)</b><br><br><i>Falso. Ese es un proceso isotérmico; en un proceso adiabático no hay transferencia de calor con el exterior (dQ = 0).</i>
[F] ¿La ley de Gauss permite calcular el campo electrostático en distribuciones continuas con alta simetría?	<b>Verdadero (V)</b><br><br><i>Verdadero. Utilizando superficies gaussianas donde el módulo del campo es constante.</i>
[F] ¿La frecuencia de resonancia mecánica coincide con la pulsación propia del oscilador libre no amortiguado?	<b>Verdadero (V)</b><br><br><i>Verdadero. Produce máxima transferencia de energía y máxima amplitud de respuesta.</i>
[F] La fuerza electrostática de Coulomb entre dos cargas puntuales decrece linealmente con la distancia.	<b>Falso (F)</b><br><br><i>Falso. Decrece con el cuadrado de la distancia (1 / r^2).</i>
[C] ¿El polinomio de Taylor de primer orden de sin(x) alrededor de x=0 es simplemente x?	<b>Verdadero (V)</b><br><br><i>Verdadero. f(0)=0, f'(0)=1 -> P1(x) = x.</i>
[C] ¿Toda función derivable en un punto x0 es necesariamente continua en dicho punto?	<b>Verdadero (V)</b><br><br><i>Verdadero. La derivabilidad es una condición más fuerte que implica continuidad.</i>
[C] La serie armónica sum(1/n) converge a un número real finito.	<b>Falso (F)</b><br><br><i>Falso. La serie armónica diverge logarítmicamente hacia infinito.</i>
[C] ¿La derivada de e^(-x^2) respecto a x es igual a -2x * e^(-x^2)?	<b>Verdadero (V)</b><br><br><i>Verdadero. Por aplicación directa de la regla de la cadena.</i>
[C] La integral definida de una función impar sobre un intervalo simétrico [-a, a] es siempre cero.	<b>Verdadero (V)</b><br><br><i>Verdadero. Las áreas bajo la curva en la mitad positiva y negativa se cancelan con signos opuestos.</i>
[C] ¿La fórmula de Euler establece que e^(j*pi) + 1 = 0?	<b>Verdadero (V)</b><br><br><i>Verdadero. Con theta = pi, cos(pi) = -1 y sin(pi) = 0.</i>
[C] La regla de L'Hôpital puede aplicarse a cualquier límite independientemente de si hay indeterminación.	<b>Falso (F)</b><br><br><i>Falso. Solo es válida ante formas indeterminadas 0/0 o inf/inf.</i>
[C] ¿El límite de (sin x)/x cuando x tiende a 0 es estrictamente 1?	<b>Verdadero (V)</b><br><br><i>Verdadero. Es el límite trigonométrico fundamental.</i>
[C] ¿El radio de convergencia de la serie de Taylor de e^x centrada en 0 es infinito?	<b>Verdadero (V)</b><br><br><i>Verdadero. El criterio del cociente da límite 0 para todo x, por lo que converge en todo R.</i>
[C] La integral impropia de 1/x entre 1 e infinito converge a 1.	<b>Falso (F)</b><br><br><i>Falso. La primitiva es ln(x), y ln(inf) diverge hacia infinito.</i>
[C] ¿El Teorema del Valor Medio garantiza que existe un punto donde la derivada instantánea coincide con la tasa media de variación?	<b>Verdadero (V)</b><br><br><i>Verdadero. f'(c) = (f(b) - f(a)) / (b - a).</i>
[C] ¿El módulo de cualquier número complejo de la forma e^(j*theta) con theta real es siempre 1?	<b>Verdadero (V)</b><br><br><i>Verdadero. |cos(theta) + j*sin(theta)| = sqrt(cos^2 + sin^2) = 1.</i>
[ALN] ¿Una matriz cuadrada es invertible si y solo si su determinante es no nulo?	<b>Verdadero (V)</b><br><br><i>Verdadero. det(A) != 0 equivale a tener rango completo y núcleo trivial.</i>
[ALN] ¿El producto de los autovalores de una matriz es igual a su determinante?	<b>Verdadero (V)</b><br><br><i>Verdadero. det(A) = prod(lambda_i).</i>
[ALN] ¿La suma de los autovalores de una matriz coincide con la traza de la matriz?	<b>Verdadero (V)</b><br><br><i>Verdadero. tr(A) = sum(a_ii) = sum(lambda_i).</i>
[ALN] ¿Un conjunto de vectores ortogonales no nulos es siempre linealmente independiente?	<b>Verdadero (V)</b><br><br><i>Verdadero. El producto escalar mutuo nulo impide cualquier combinación lineal no trivial igual a cero.</i>
[ALN] El determinante de la suma de matrices siempre cumple det(A + B) = det(A) + det(B).	<b>Falso (F)</b><br><br><i>Falso. El determinante es una función multilineal, no aditiva con la suma de matrices.</i>
[ALN] ¿La transpuesta del producto matricial satisface (A * B)^T = B^T * A^T?	<b>Verdadero (V)</b><br><br><i>Verdadero. El orden de los factores se invierte al transponer.</i>
[ALN] ¿Toda matriz simétrica real tiene autovalores reales y es diagonalizable ortogonalmente?	<b>Verdadero (V)</b><br><br><i>Verdadero. Por el Teorema Espectral para operadores autoadjuntos.</i>
[ALN] ¿El proceso de Gram-Schmidt permite construir una base ortonormal a partir de una base dada?	<b>Verdadero (V)</b><br><br><i>Verdadero. Restando las componentes proyectadas sucesivas.</i>
[ALN] Un sistema de 3 ecuaciones lineales con 4 incógnitas puede ser compatible determinado.	<b>Falso (F)</b><br><br><i>Falso. Tendrá al menos un grado de libertad (o será incompatible), nunca determinado único.</i>
[ALN] ¿El rango de una matriz es el número máximo de filas linealmente independientes?	<b>Verdadero (V)</b><br><br><i>Verdadero. Coincide con la dimensión del espacio imagen.</i>
[ALN] ¿Para cualquier matriz cuadrada A, la matriz A + A^T es siempre simétrica?	<b>Verdadero (V)</b><br><br><i>Verdadero. (A + A^T)^T = A^T + (A^T)^T = A^T + A = A + A^T.</i>
[ALN] ¿El núcleo (Ker) de una aplicación lineal entre espacios vectoriales es un subespacio vectorial?	<b>Verdadero (V)</b><br><br><i>Verdadero. Contiene al vector cero y es cerrado bajo sumas y combinaciones lineales.</i>
[AC] ¿En un circuito RC serie, el condensador alcanza el 63.2% de su tensión final en t = tau = R*C?	<b>Verdadero (V)</b><br><br><i>Verdadero. 1 - e^(-1) = 0.6321.</i>
[AC] ¿En resonancia serie RLC la impedancia total del circuito es mínima e igual a R?	<b>Verdadero (V)</b><br><br><i>Verdadero. Las reactancias inductiva jwL y capacitiva 1/(jwC) se cancelan.</i>
[AC] La potencia reactiva consumida por un condensador ideal es positiva.	<b>Falso (F)</b><br><br><i>Falso. Los condensadores suministran potencia reactiva, por convenio Q < 0.</i>
[AC] ¿El factor de potencia de una carga inductiva pura es 0 inductivo con desfase de corriente retrasada 90 grados?	<b>Verdadero (V)</b><br><br><i>Verdadero. cos(90) = 0.</i>
[AC] ¿Un circuito RLC serie con coeficiente de amortiguamiento zeta < 1 presenta una respuesta transitoria subamortiguada y oscilatoria?	<b>Verdadero (V)</b><br><br><i>Verdadero. Los polos son complejos conjugados con parte real negativa.</i>
[AC] ¿En un sistema trifásico equilibrado en estrella, la tensión entre líneas es sqrt(3) veces la tensión simple de fase?	<b>Verdadero (V)</b><br><br><i>Verdadero. V_linea = sqrt(3) * V_fase con 30 grados de adelanto.</i>
[AC] El teorema de Tellegen solo es aplicable a circuitos resistivos lineales en continua.	<b>Falso (F)</b><br><br><i>Falso. Es válido para cualquier circuito con cualquier tipo de componente lineal o no lineal.</i>
[AC] ¿La reactancia de una bobina ideal crece linealmente con la frecuencia angular omega?	<b>Verdadero (V)</b><br><br><i>Verdadero. X_L = omega * L.</i>
[AC] ¿La reactancia de un condensador tiende a cero cuando la frecuencia tiende a infinito (comportamiento de cortocircuito en alta frecuencia)?	<b>Verdadero (V)</b><br><br><i>Verdadero. X_C = 1 / (omega * C) -> 0.</i>
[AC] Un transformador ideal elevador con relación de espiras 1:2 duplica la corriente en el devanado secundario.	<b>Falso (F)</b><br><br><i>Falso. Duplica la tensión pero reduce la corriente a la mitad para conservar la potencia.</i>
[AC] ¿La unidad de medida de la potencia aparente S es el voltiamperio (VA)?	<b>Verdadero (V)</b><br><br><i>Verdadero. Distingue S (VA) de P (W) y Q (var).</i>
[AC] ¿El factor de calidad Q de un circuito resonante serie es inversamente proporcional a la resistencia de pérdidas R?	<b>Verdadero (V)</b><br><br><i>Verdadero. Q = (w0 * L) / R; a menor disipación resistiva, mayor agudeza en la resonancia.</i>
[PRD] ¿El acceso a un elemento de un array por su índice tiene complejidad temporal O(1)?	<b>Verdadero (V)</b><br><br><i>Verdadero. Se calcula la dirección aritmética en tiempo constante.</i>
[PRD] ¿Insertar un elemento al frente de una lista simplemente enlazada tiene coste O(1)?	<b>Verdadero (V)</b><br><br><i>Verdadero. Solo requiere actualizar el puntero de la nueva cabeza.</i>
[PRD] En un árbol binario de búsqueda perfectamente equilibrado, la búsqueda de una clave tiene coste O(N).	<b>Falso (F)</b><br><br><i>Falso. La altura es log2(N), por lo que el coste es O(log N).</i>
[PRD] ¿La estructura de datos Pila (Stack) sigue el principio LIFO (Last In, First Out)?	<b>Verdadero (V)</b><br><br><i>Verdadero. El último elemento apilado es el primero en desapilarse.</i>
[PRD] ¿La estructura de datos Cola (Queue) sigue el principio FIFO (First In, First Out)?	<b>Verdadero (V)</b><br><br><i>Verdadero. El primer elemento encolado es el primero en desencolarse.</i>
[PRD] ¿El factor de carga alfa de una tabla hash se define como el número de elementos dividido entre el número de casillas?	<b>Verdadero (V)</b><br><br><i>Verdadero. alpha = N / M.</i>
[PRD] El recorrido en anchura (BFS) de un grafo se implementa habitualmente mediante una estructura de Pila.	<b>Falso (F)</b><br><br><i>Falso. BFS utiliza una Cola (Queue); la Pila (Stack) se usa para recorrido en profundidad (DFS).</i>
[PRD] ¿El algoritmo de Dijkstra permite encontrar el camino más corto desde un origen en grafos con pesos no negativos?	<b>Verdadero (V)</b><br><br><i>Verdadero. Asume que la adición de aristas siempre incrementa la distancia acumulada.</i>
[PRD] ¿En un Min-Heap binario, la raíz contiene siempre el elemento de valor mínimo de todo el conjunto?	<b>Verdadero (V)</b><br><br><i>Verdadero. Es la propiedad estructural fundamental del min-heap.</i>
[PRD] El borrado de un nodo cualquiera en un array dinámico (vector) siempre se realiza en tiempo O(1).	<b>Falso (F)</b><br><br><i>Falso. En el peor caso (borrar al inicio) requiere desplazar N-1 elementos en O(N).</i>
[PRD] ¿Los árboles AVL son árboles de búsqueda autobalanceados cuya diferencia de alturas entre subárboles no excede 1?	<b>Verdadero (V)</b><br><br><i>Verdadero. Garantiza altura O(log N) mediante rotaciones simples y dobles.</i>
[PRD] ¿La resolución de colisiones mediante encadenamiento abierto (chaining) almacena los elementos en listas ligadas por casilla?	<b>Verdadero (V)</b><br><br><i>Verdadero. Permite alojar múltiples claves con el mismo valor hash.</i>
[EMG] ¿La ley de Gauss para el campo magnético (div B = 0) implica la no existencia de monopolos magnéticos aislados?	<b>Verdadero (V)</b><br><br><i>Verdadero. Las líneas de campo B son siempre cerradas.</i>
[EMG] ¿La corriente de desplazamiento de Maxwell (dD/dt) permite la propagación de ondas EM a través del vacío?	<b>Verdadero (V)</b><br><br><i>Verdadero. Garantiza la continuidad de la corriente en condensadores y origina el campo magnético variable en ondas EM.</i>
[EMG] ¿El vector de Poynting S = E x H representa la densidad superficial de flujo de potencia electromagnética en W/m^2?	<b>Verdadero (V)</b><br><br><i>Verdadero. Dirección y sentido de la propagación energética.</i>
[EMG] La velocidad de una onda electromagnética en un medio con eps_r = 4 es el doble de la velocidad en el vacío.	<b>Falso (F)</b><br><br><i>Falso. vp = c / sqrt(eps_r) = c / 2 (la velocidad se reduce a la mitad).</i>
[EMG] ¿La impedancia de onda intrínseca del vacío es de aproximadamente 377 ohms (120*pi)?	<b>Verdadero (V)</b><br><br><i>Verdadero. eta0 = sqrt(mu0 / eps0) approx 376.73 ohms.</i>
[EMG] ¿El efecto pelicular (skin effect) provoca que las corrientes de alta frecuencia circulen confinadas cerca de la superficie del conductor?	<b>Verdadero (V)</b><br><br><i>Verdadero. La densidad de corriente decae exponencialmente con la profundidad delta.</i>
[EMG] La ley de Faraday establece que una fem inducida se opone siempre a la variación del flujo magnético que la produce.	<b>Verdadero (V)</b><br><br><i>Verdadero. Expresado por el signo negativo de la ley de Lenz: fem = -dPhi/dt.</i>
[EMG] En una onda EM plana TEM en el vacío, los campos E y H son paralelos entre sí y a la dirección de propagación.	<b>Falso (F)</b><br><br><i>Falso. Son perpendiculares entre sí y perpendiculares a la dirección de propagación.</i>
[EMG] ¿La profundidad de penetración delta disminuye a medida que aumenta la frecuencia de la señal?	<b>Verdadero (V)</b><br><br><i>Verdadero. delta es inversamente proporcional a sqrt(f).</i>
[EMG] ¿La fuerza de Lorentz total sobre una carga q es F = q * (E + v x B)?	<b>Verdadero (V)</b><br><br><i>Verdadero. Combina la fuerza electrostática y magnética.</i>
[EMG] Un dieléctrico perfecto sin pérdidas disipa energía electromagnética en forma de calor.	<b>Falso (F)</b><br><br><i>Falso. En un dieléctrico perfecto la conductividad sigma = 0 y la permitividad es puramente real, sin pérdidas disipativas.</i>
[EMG] ¿El campo electrostático satisface rot(E) = 0, lo que permite definir un potencial escalar V tal que E = -grad(V)?	<b>Verdadero (V)</b><br><br><i>Verdadero. Condición de campo conservativo.</i>
[CVEC] ¿El vector gradiente grad(f) de un campo escalar apunta siempre en la dirección de máximo crecimiento de la función?	<b>Verdadero (V)</b><br><br><i>Verdadero. La derivada direccional máxima se produce en la dirección del gradiente.</i>
[CVEC] ¿El rotacional del gradiente de cualquier campo escalar dos veces diferenciable es idénticamente nulo: rot(grad(f)) = 0?	<b>Verdadero (V)</b><br><br><i>Verdadero. Identidad vectorial fundamental de campos conservativos.</i>
[CVEC] ¿La divergencia del rotacional de cualquier campo vectorial dos veces diferenciable es idénticamente nula: div(rot(F)) = 0?	<b>Verdadero (V)</b><br><br><i>Verdadero. Un campo solenoidal tiene divergencia nula.</i>
[CVEC] El Teorema de Stokes relaciona la integral de flujo del rotacional sobre una superficie con la integral de línea a lo largo de su borde cerrado.	<b>Verdadero (V)</b><br><br><i>Verdadero. iint_S (rot F)*dS = oint_C F*dr.</i>
[CVEC] Si la matriz Hessiana en un punto crítico tiene determinante negativo, el punto es un máximo local.	<b>Falso (F)</b><br><br><i>Falso. Si det(H) < 0, los autovalores tienen signos opuestos y se trata de un punto de silla.</i>
[CVEC] ¿El Teorema de Green es el caso particular bidimensional en el plano del Teorema de Stokes?	<b>Verdadero (V)</b><br><br><i>Verdadero. Al restringir el vector rotacional a la componente perpendicular al plano z.</i>
[CVEC] ¿El jacobiano de la transformación a coordenadas polares es r?	<b>Verdadero (V)</b><br><br><i>Verdadero. dx dy = r dr dtheta.</i>
[CVEC] ¿Un campo vectorial F es conservativo si y solo si la integral de línea de F entre dos puntos es independiente del camino?	<b>Verdadero (V)</b><br><br><i>Verdadero. Equivale a que la integral sobre cualquier curva cerrada sea cero.</i>
[CVEC] La divergencia de un campo solenoidal es estrictamente positiva.	<b>Falso (F)</b><br><br><i>Falso. Por definición un campo solenoidal tiene divergencia exactamente cero (div F = 0).</i>
[CVEC] ¿El laplaciano de una función escalar es la divergencia de su gradiente?	<b>Verdadero (V)</b><br><br><i>Verdadero. lapl(f) = div(grad(f)).</i>
[CVEC] ¿El Teorema de Gauss-Divergencia transforma una integral de volumen de div(F) en el flujo de F a través de la superficie cerrada que lo encierra?	<b>Verdadero (V)</b><br><br><i>Verdadero. iiint_V div(F) dV = iint_S F*n dS.</i>
[CVEC] En coordenadas esféricas, el elemento de volumen diferencial es simplemente dr dtheta dphi.	<b>Falso (F)</b><br><br><i>Falso. Es dV = r^2 * sin(theta) dr dtheta dphi.</i>
[EDT] ¿La transformada de Laplace de la delta de Dirac delta(t) es 1 para todo s?	<b>Verdadero (V)</b><br><br><i>Verdadero. integral(delta(t) * e^(-st) dt) de 0- a inf = 1.</i>
[EDT] ¿La transformada de Laplace del escalón unitario u(t) es 1/s con región de convergencia Re(s) > 0?	<b>Verdadero (V)</b><br><br><i>Verdadero. integral(e^(-st) dt) = [-e^(-st)/s] = 1/s.</i>
[EDT] La convolución en el dominio del tiempo equivale a la adición directa en el dominio transformado de Laplace.	<b>Falso (F)</b><br><br><i>Falso. Equivale a la multiplicación algebraica F(s) * G(s).</i>
[EDT] ¿El Teorema del Valor Final requiere que todos los polos de s*F(s) se encuentren en el semiplano complejo izquierdo estricto?	<b>Verdadero (V)</b><br><br><i>Verdadero. De lo contrario f(t) no converge a un límite finito cuando t tiende a infinito.</i>
[EDT] Una ecuación diferencial lineal homogénea de segundo orden con coeficientes constantes con raíces complejas conjugadas tiene una respuesta aperiódica sin oscilación.	<b>Falso (F)</b><br><br><i>Falso. Produce términos sinusoidales amortiguados con oscilación propia e^(sigma*t)*cos(wd*t).</i>
[EDT] ¿La transformada de Laplace de e^(a*t) es 1 / (s - a) para Re(s) > a?	<b>Verdadero (V)</b><br><br><i>Verdadero. Por definición de integral transformadora.</i>
[EDT] ¿La serie de Fourier de una función par periódica solo contiene términos cosenoidales (bn = 0)?	<b>Verdadero (V)</b><br><br><i>Verdadero. La simetría par anula todas las integrales de funciones senoidales impares.</i>
[EDT] ¿El teorema de traslación temporal establece que L{f(t - T)*u(t - T)} = e^(-s*T) * F(s)?	<b>Verdadero (V)</b><br><br><i>Verdadero. El retraso temporal se mapea en una exponencial compleja en s.</i>
[EDT] El factor integrante mu(x) = exp(integral(P(x) dx)) permite resolver cualquier EDO lineal de primer orden y' + P(x)y = Q(x).	<b>Verdadero (V)</b><br><br><i>Verdadero. Convierte el miembro izquierdo en la derivada del producto d/dx [mu(x)*y].</i>
[EDT] La transformada inversa de Laplace siempre genera funciones continuas sin singularidades.	<b>Falso (F)</b><br><br><i>Falso. Puede generar impulsos de Dirac, discontinuidades escalón y derivadas distribucionales.</i>
[EDT] ¿El Teorema del Valor Inicial establece que f(0+) = lim_{s -> inf} s * F(s)?	<b>Verdadero (V)</b><br><br><i>Verdadero. Propiedad asintótica de alta frecuencia.</i>
[EDT] ¿La solución general de una EDO lineal no homogénea es la suma de la solución de la homogénea más una solución particular?	<b>Verdadero (V)</b><br><br><i>Verdadero. Principio de superposición lineal.</i>
[DE] ¿En un semiconductor intrínseco, la concentración de electrones en la banda de conducción es igual a la de huecos en la de valencia (n = p = ni)?	<b>Verdadero (V)</b><br><br><i>Verdadero. Cada salto térmico a conducción crea simultáneamente un hueco en valencia.</i>
[DE] ¿La relación de Einstein vincula el coeficiente de difusión y la movilidad de portadores con la tensión térmica VT = kT/q?	<b>Verdadero (V)</b><br><br><i>Verdadero. D / mu = VT.</i>
[DE] ¿Al polarizar una unión p-n en inversa, la anchura de la zona de carga espacial (ZCE) aumenta?	<b>Verdadero (V)</b><br><br><i>Verdadero. La tensión inversa externa se suma al potencial de contacto interno ampliando la barrera.</i>
[DE] En un transistor MOSFET de canal n en saturación, la corriente de drenador es inversamente proporcional a (Vgs - Vth).	<b>Falso (F)</b><br><br><i>Falso. Es cuadrática: Id propto (Vgs - Vth)^2.</i>
[DE] ¿El fenómeno de estricción o estrangulamiento de canal ('pinch-off') se alcanza cuando Vds >= Vgs - Vth?	<b>Verdadero (V)</b><br><br><i>Verdadero. El canal se estrangula cerca del drenador entrando en régimen de saturación.</i>
[DE] ¿El dopaje con átomos del grupo V (como fósforo o arsénico) convierte al silicio en un semiconductor tipo n?	<b>Verdadero (V)</b><br><br><i>Verdadero. Aportan electrones libres en niveles donores.</i>
[DE] La corriente inversa de saturación Is de un diodo de silicio es insensible a las variaciones de temperatura.	<b>Falso (F)</b><br><br><i>Falso. Is se duplica aproximadamente cada 5 a 10 grados Celsius debido a la generación térmica exponencial ni^2(T).</i>
[DE] ¿El efecto Early en un transistor BJT representa la modulación de la anchura efectiva de la base con la tensión Vce?	<b>Verdadero (V)</b><br><br><i>Verdadero. Modifica ligeramente la pendiente de Ic en la zona activa.</i>
[DE] ¿La capacidad de la zona de carga espacial en una unión polarizada en inversa depende del voltaje aplicado?	<b>Verdadero (V)</b><br><br><i>Verdadero. Cj = Cj0 / (1 - VA/Vbi)^m; actúa como condensador variable por tensión (varicap).</i>
[DE] En un MOSFET en corte (subumbral ideal), la corriente de drenador es infinita.	<b>Falso (F)</b><br><br><i>Falso. Es prácticamente nula (del orden de pA a nA).</i>
[DE] ¿El parámetro de modulación de longitud de canal lambda introduce una conductancia de salida finita ro en el MOSFET en saturación?	<b>Verdadero (V)</b><br><br><i>Verdadero. ro = 1 / (lambda * Id).</i>
[DE] ¿En un diodo Zener el mecanismo de ruptura a tensiones bajas (< 5V) está dominado por el efecto túnel cuántico?	<b>Verdadero (V)</b><br><br><i>Verdadero. A tensiones mayores predomina la ruptura por ionización por avalancha.</i>
[DD] ¿El mapa de Karnaugh de 4 variables agrupa minterms adyacentes que difieren en exactamente 1 solo bit (código Gray)?	<b>Verdadero (V)</b><br><br><i>Verdadero. La adyacencia espacial refleja la adyacencia lógica para simplificar A + not(A) = 1.</i>
[DD] ¿En una máquina de estados finitos (FSM) tipo Moore, las salidas dependen exclusivamente del estado actual?	<b>Verdadero (V)</b><br><br><i>Verdadero. A diferencia del modelo Mealy donde las salidas dependen del estado y de las entradas presentes.</i>
[DD] El tiempo de setup (t_setup) es el tiempo que debe mantenerse estable la entrada de datos después del flanco activo de reloj.	<b>Falso (F)</b><br><br><i>Falso. Ese es el tiempo de hold (t_hold); el tiempo de setup es antes del flanco activo de reloj.</i>
[DD] ¿Un multiplexor de 2^N entradas de datos requiere exactamente N líneas de selección?	<b>Verdadero (V)</b><br><br><i>Verdadero. Las N líneas direccionan unívocamente una de las 2^N entradas.</i>
[DD] ¿Los riesgos lógicos estáticos (hazards) pueden eliminarse añadiendo términos producto redundantes en la suma de productos?	<b>Verdadero (V)</b><br><br><i>Verdadero. Cubren las transiciones entre lazos adyacentes en el mapa de Karnaugh.</i>
[DD] Un latch tipo D con entrada de habilitación transparente es disparado exclusivamente por flanco de reloj.	<b>Falso (F)</b><br><br><i>Falso. Los latches son sensibles por nivel (transparentes mientras enable = 1); los biestables flip-flops son disparados por flanco.</i>
[DD] ¿La metaestabilidad en sistemas síncronos puede ocurrir si se violan los tiempos de setup o hold en un biestable?	<b>Verdadero (V)</b><br><br><i>Verdadero. La salida puede oscilar o quedar en un valor intermedio indeterminado durante un tiempo no acotado.</i>
[DD] ¿En VHDL, la sentencia 'process(clk)' con 'rising_edge(clk)' infiere almacenamiento síncrono en registros?	<b>Verdadero (V)</b><br><br><i>Verdadero. Estructura estándar de síntesis de biestables flip-flop.</i>
[DD] Una puerta XOR con entradas A y B devuelve '1' si y solo si ambas entradas valen '1'.	<b>Falso (F)</b><br><br><i>Falso. Esa es una puerta AND; la XOR devuelve '1' si las entradas son distintas (uno exclusivamente).</i>
[DD] ¿El sumador Ripple-Carry tiene un retardo proporcional al número de bits N debido a la propagación del acarreo?	<b>Verdadero (V)</b><br><br><i>Verdadero. t_delay = N * t_carry; para reducirlo se utilizan sumadores Carry-Lookahead.</i>
[DD] ¿El complemento a dos permite representar números enteros con signo facilitando sumas y restas con el mismo hardware?	<b>Verdadero (V)</b><br><br><i>Verdadero. La resta A - B se computa directamente como A + (~B + 1).</i>
[DD] ¿La simplificación booleana A + A*B = A se conoce como la ley de absorción?	<b>Verdadero (V)</b><br><br><i>Verdadero. A*(1 + B) = A*1 = A.</i>
[EAFO] ¿Cuando una carga está perfectamente adaptada a una línea (ZL = Z0), el coeficiente de reflexión Gamma es exactamente cero?	<b>Verdadero (V)</b><br><br><i>Verdadero. No hay onda reflejada; toda la potencia incidente se transmite a la carga.</i>
[EAFO] ¿En una línea en cortocircuito (ZL = 0), el módulo del coeficiente de reflexión es |Gamma| = 1 con fase de 180 grados?	<b>Verdadero (V)</b><br><br><i>Verdadero. Gamma = -1 = 1 /_ 180.</i>
[EAFO] La Relación de Onda Estacionaria (VSWR) de una carga adaptada es 0.	<b>Falso (F)</b><br><br><i>Falso. La ROE ideal es 1 (VSWR = 1). Puede oscilar entre 1 e infinito.</i>
[EAFO] ¿La reflexión interna total en la interfaz núcleo-cubierta de una fibra óptica exige que n_core > n_clad?	<b>Verdadero (V)</b><br><br><i>Verdadero. La luz debe viajar desde el medio más denso hacia el menos denso con ángulo superior al crítico.</i>
[EAFO] ¿Una fibra óptica opera en régimen monomodo estricto si su parámetro de frecuencia normalizada satisface V < 2.405?	<b>Verdadero (V)</b><br><br><i>Verdadero. 2.4048 es el primer cero de la función de Bessel J0.</i>
[EAFO] En el modo fundamental TE10 de una guía de onda rectangular, la longitud de onda de corte es lambda_c = 2*a.	<b>Verdadero (V)</b><br><br><i>Verdadero. 'a' es la anchura mayor de la guía rectangular.</i>
[EAFO] Las guías de ondas metálicas cerradas huecas pueden propagar modos TEM a frecuencias intermedias.	<b>Falso (F)</b><br><br><i>Falso. Un modo TEM requiere al menos dos conductores aislados (como el cable coaxial o bifilar).</i>
[EAFO] ¿La Carta de Smith es un diagrama polar del coeficiente de reflexión Gamma mapeado sobre el plano de impedancias normalizadas?	<b>Verdadero (V)</b><br><br><i>Verdadero. Transforma circunferencias de resistencia y reactancia constantes en el círculo unitario |Gamma| <= 1.</i>
[EAFO] ¿La apertura numérica (NA) cuantifica la capacidad angular de captación de luz de una fibra óptica?	<b>Verdadero (V)</b><br><br><i>Verdadero. NA = sin(theta_max) = sqrt(n1^2 - n2^2).</i>
[EAFO] La atenuación mínima en fibras ópticas estándar de sílice monomodo ocurre a una longitud de onda cercana a 850 nm.	<b>Falso (F)</b><br><br><i>Falso. La tercera ventana óptica a 1550 nm ofrece la atenuación mínima (approx 0.2 dB/km).</i>
[EAFO] ¿Un transformador de cuarto de onda con impedancia Z_t = sqrt(Z0 * ZL) adapta una carga puramente resistiva ZL a una línea Z0?	<b>Verdadero (V)</b><br><br><i>Verdadero. Zin = Z_t^2 / ZL = Z0.</i>
[EAFO] ¿La dispersión cromática en fibras ópticas provoca el ensanchamiento temporal de los pulsos luminosos reduciendo la tasa binaria máxima?	<b>Verdadero (V)</b><br><br><i>Verdadero. Debido a la dependencia del índice de refracción con la longitud de onda (dispersión del material y de guía).</i>
[SST] ¿Un sistema LTI continuo es causal y estable BIBO si y solo si todos los polos de su función de transferencia H(s) se ubican estrictamente en el semiplano izquierdo Re(s) < 0?	<b>Verdadero (V)</b><br><br><i>Verdadero. Garantiza que la respuesta impulsional decaiga exponencialmente a cero.</i>
[SST] ¿El teorema de Nyquist exige muestrear a una frecuencia estrictamente mayor que el doble del ancho de banda máximo para evitar aliasing?	<b>Verdadero (V)</b><br><br><i>Verdadero. fs > 2*fmax.</i>
[SST] La convolución en el dominio temporal equivale a la convolución en el dominio frecuencial de Fourier.	<b>Falso (F)</b><br><br><i>Falso. Equivale a la multiplicación punto a punto Y(w) = X(w) * H(w).</i>
[SST] ¿En un sistema LTI discreto causal, los polos de H(z) deben situarse dentro del círculo unidad (|z| < 1) para garantizar estabilidad?	<b>Verdadero (V)</b><br><br><i>Verdadero. La región de convergencia (ROC) debe abarcar la circunferencia unidad |z| = 1.</i>
[SST] ¿La transformada discreta de Fourier de N puntos (DFT) computada mediante el algoritmo FFT tiene una complejidad O(N log2 N)?	<b>Verdadero (V)</b><br><br><i>Verdadero. Gran mejora frente al cálculo directo O(N^2).</i>
[SST] La respuesta impulsional h(t) de un sistema estático sin memoria es proporcional a la función escalón unitario u(t).	<b>Falso (F)</b><br><br><i>Falso. Es proporcional a un impulso delta de Dirac K*delta(t).</i>
[SST] ¿Un sistema es invariante en el tiempo si un retardo en la entrada x(t - T) produce idéntico retardo en la salida y(t - T)?	<b>Verdadero (V)</b><br><br><i>Verdadero. Propiedad fundamental de invariancia temporal.</i>
[SST] ¿La respuesta al escalón de un sistema LTI es la integral en el tiempo de su respuesta impulsional h(t)?	<b>Verdadero (V)</b><br><br><i>Verdadero. Dado que el escalón es la integral del impulso de Dirac.</i>
[SST] El aliasing espectral se puede corregir digitalmente después del convertidor ADC sin pérdida de información.	<b>Falso (F)</b><br><br><i>Falso. El aliasing solapa espectros irreversiblemente; debe eliminarse antes del muestreo con un filtro antialiasing analógico.</i>
[SST] ¿La autocorrelación de una señal continua en el origen R_xx(0) equivale a la energía total de la señal?	<b>Verdadero (V)</b><br><br><i>Verdadero. R_xx(0) = integral(|x(t)|^2 dt) = E_total.</i>
[SST] ¿Un filtro de fase lineal pura introduce un retardo de grupo constante en todas las frecuencias de la banda de paso evitando la distorsión de fase?	<b>Verdadero (V)</b><br><br><i>Verdadero. Mantiene intacta la forma de onda de la señal compuesta.</i>
[SST] El producto de dos funciones periódicas siempre da como resultado una función periódica para cualquier relación de periodos.	<b>Falso (F)</b><br><br><i>Falso. Solo es periódica si el cociente de sus periodos o frecuencias es un número racional.</i>
[PPE] ¿El Teorema de Wiener-Khinchin establece que la densidad espectral de potencia (PSD) de un proceso WSS es la transformada de Fourier de su autocorrelación?	<b>Verdadero (V)</b><br><br><i>Verdadero. Sxx(f) = F{Rxx(tau)}.</i>
[PPE] ¿Si dos variables aleatorias son independientes, su covarianza y su correlación son estrictamente cero?	<b>Verdadero (V)</b><br><br><i>Verdadero. La independencia implica incorrelación.</i>
[PPE] La función de autocorrelación R_xx(tau) de un proceso WSS alcanza su máximo valor en el infinito.	<b>Falso (F)</b><br><br><i>Falso. Su valor máximo absoluto se encuentra siempre en el origen: |R_xx(tau)| <= R_xx(0).</i>
[PPE] ¿El Teorema Central del Límite establece que la suma de un gran número de variables independientes e idénticamente distribuidas tiende asintóticamente a una distribución Gaussiana?	<b>Verdadero (V)</b><br><br><i>Verdadero. Pilar fundamental de la teoría de la probabilidad y del análisis de ruido.</i>
[PPE] La varianza de una variable aleatoria puede tomar valores negativos si la media es negativa.	<b>Falso (F)</b><br><br><i>Falso. Por definición Var(X) = E[(X - mu)^2] >= 0; es siempre no negativa.</i>
[PPE] ¿Cuando un proceso WSS con densidad Sxx(f) pasa por un filtro LTI con respuesta H(f), la densidad espectral de salida es Syy(f) = |H(f)|^2 * Sxx(f)?	<b>Verdadero (V)</b><br><br><i>Verdadero. Relación espectral fundamental para sistemas lineales.</i>
[PPE] ¿La densidad espectral de un ruido blanco ideal es constante e idéntica en todas las frecuencias (S_w(f) = N0 / 2)?	<b>Verdadero (V)</b><br><br><i>Verdadero. De ahí el nombre 'blanco', por analogía con la luz blanca que contiene todas las frecuencias con igual energía.</i>
[PPE] La función de distribución acumulada F_X(x) = P(X <= x) es siempre una función monótona no decreciente que varía entre 0 y 1.	<b>Verdadero (V)</b><br><br><i>Verdadero. Propiedad axiomática de toda variable aleatoria.</i>
[PPE] ¿Para dos eventos independientes A y B, la probabilidad de su intersección es P(A y B) = P(A) * P(B)?	<b>Verdadero (V)</b><br><br><i>Verdadero. Definición formal de independencia probabilística.</i>
[PPE] Un proceso estocástico ergódico en la media tiene un promedio temporal diferente a su esperanza estadística de conjunto.	<b>Falso (F)</b><br><br><i>Falso. En un proceso ergódico, el promedio temporal sobre una realización coincide con el promedio estadístico de conjunto.</i>
[PPE] ¿La integral de menos infinito a más infinito de una función de densidad de probabilidad (PDF) es siempre exactamente 1?	<b>Verdadero (V)</b><br><br><i>Verdadero. Condición de normalización del espacio de probabilidad.</i>
[PPE] ¿El coeficiente de correlación de Pearson rho_XY está rigurosamente acotado en el intervalo [-1, +1]?	<b>Verdadero (V)</b><br><br><i>Verdadero. Desigualdad de Cauchy-Schwarz.</i>
[CA] ¿El efecto Miller multiplica la capacidad parásita entre entrada y salida por un factor aproximadamente igual a 1 + |Av|?	<b>Verdadero (V)</b><br><br><i>Verdadero. Reduce significativamente la frecuencia de corte superior en etapas inversoras de alta ganancia.</i>
[CA] ¿Una etapa seguidora de emisor (o fuente) presenta una ganancia de tensión cercana a la unidad (Av approx 1) y una baja impedancia de salida?	<b>Verdadero (V)</b><br><br><i>Verdadero. Se emplea comúnmente como etapa de acoplo (buffer).</i>
[CA] La distorsión por cruce por cero (crossover distortion) es típica de los amplificadores de salida en Clase A.	<b>Falso (F)</b><br><br><i>Falso. Es característica de la Clase B pura; se corrige mediante una pequeña polarización en Clase AB.</i>
[CA] ¿El par diferencial amplifica la diferencia entre sus dos entradas mientras rechaza las variaciones en modo común?	<b>Verdadero (V)</b><br><br><i>Verdadero. Caracterizado por una alta CMRR.</i>
[CA] ¿Un margen de fase de al menos 45 a 60 grados garantiza un comportamiento estable con sobreoscilación moderada en bucle cerrado?	<b>Verdadero (V)</b><br><br><i>Verdadero. Criterio de estabilidad y amortiguamiento estándar en diseño analógico.</i>
[CA] ¿La técnica de compensación por polo dominante de Miller en un op-amp consiste en intercalar un condensador Cc entre la entrada y salida de la segunda etapa?	<b>Verdadero (V)</b><br><br><i>Verdadero. Separa los polos (pole splitting) asegurando que la ganancia caiga por debajo de 0 dB antes del segundo polo.</i>
[CA] La impedancia de salida de una etapa en fuente común con carga de espejo de corriente cascode es extremadamente baja.	<b>Falso (F)</b><br><br><i>Falso. El cascode incrementa drásticamente la resistencia de salida por un factor de gm*ro, logrando altísimas ganancias.</i>
[CA] ¿La realimentación negativa reduce la sensibilidad a las variaciones térmicas y tecnológicas de los componentes?	<b>Verdadero (V)</b><br><br><i>Verdadero. La ganancia en bucle cerrado queda fijada por la red pasiva de realimentación: Af = 1 / beta.</i>
[CA] ¿El Slew Rate (SR) de un amplificador operacional define la máxima velocidad de variación temporal de la tensión de salida (dV/dt)?	<b>Verdadero (V)</b><br><br><i>Verdadero. Limitado por la corriente máxima de la etapa diferencial para cargar el condensador de compensación Cc.</i>
[CA] El rendimiento energético teórico máximo de una etapa amplificadora en Clase A con acoplo resistivo es del 78.5%.	<b>Falso (F)</b><br><br><i>Falso. El máximo en Clase A resistiva es solo del 25% (o 50% con transformador); el 78.5% corresponde a Clase B ideal.</i>
[CA] ¿La resistencia de entrada de un amplificador MOSFET ideal en continua es prácticamente infinita debido al óxido de puerta?	<b>Verdadero (V)</b><br><br><i>Verdadero. Rin > 10^12 ohms gracias al dieléctrico aislante de SiO2/high-k.</i>
[CA] ¿Un espejo de corriente proporciona una fuente de corriente de polarización constante con muy alta impedancia equivalente?	<b>Verdadero (V)</b><br><br><i>Verdadero. Copia la corriente de referencia en ramas secundarias de amplificación.</i>
[EMB] ¿El controlador de interrupciones NVIC en arquitecturas ARM Cortex-M soporta anidamiento de interrupciones por niveles de prioridad?	<b>Verdadero (V)</b><br><br><i>Verdadero. Una interrupción de mayor prioridad desaloja a una de menor prioridad en ejecución.</i>
[EMB] ¿El protocolo de comunicación I2C requiere resistencias de pull-up externas en las líneas SDA y SCL porque sus salidas son de colector/drenador abierto?	<b>Verdadero (V)</b><br><br><i>Verdadero. Permite la conexión cableada en 'wired-AND' y evita colisiones por contención.</i>
[EMB] El protocolo SPI requiere direccionamiento explícito por software de 7 bits para seleccionar cada esclavo.	<b>Falso (F)</b><br><br><i>Falso. SPI utiliza líneas físicas dedicadas de selección de chip (Chip Select / SS). El direccionamiento por 7 bits es de I2C.</i>
[EMB] ¿El controlador DMA permite transferir bloques de datos entre periféricos y la memoria RAM sin intervención de la CPU?	<b>Verdadero (V)</b><br><br><i>Verdadero. Libera a la CPU de bucles continuos de copia reduciendo consumo y latencia.</i>
[EMB] ¿Una variable compartida entre la rutina de interrupción (ISR) y el bucle principal de control debe declararse con el cualificador 'volatile'?	<b>Verdadero (V)</b><br><br><i>Verdadero. Evita que el compilador optimice o cachee su lectura en un registro interno de la CPU.</i>
[EMB] La comunicación UART es un protocolo serie síncrono que transmite una línea de reloj compartida entre transmisor y receptor.	<b>Falso (F)</b><br><br><i>Falso. Es asíncrono (Universal Asynchronous Receiver-Transmitter); se sincroniza mediante bits de start y stop y un baud rate acordado.</i>
[EMB] ¿Un temporizador configurado con prescaler PSC divide la frecuencia del reloj maestro por el factor PSC + 1?	<b>Verdadero (V)</b><br><br><i>Verdadero. El contador de prescaler cuenta de 0 a PSC.</i>
[EMB] ¿El convertidor analógico-digital (ADC) de aproximaciones sucesivas (SAR) requiere N ciclos de reloj para una conversión de N bits?	<b>Verdadero (V)</b><br><br><i>Verdadero. Resuelve un bit por ciclo mediante un comparador y un DAC interno.</i>
[EMB] En el protocolo I2C, la condición de parada (STOP) se genera con una transición de nivel alto a bajo en SDA mientras SCL está en alto.	<b>Falso (F)</b><br><br><i>Falso. La condición STOP es una transición de bajo a alto en SDA con SCL en alto (la de alto a bajo es la condición de START).</i>
[EMB] ¿El temporizador Watchdog (WDT) restablece el microcontrolador si el software queda bloqueado y no refresca el contador periódicamente?	<b>Verdadero (V)</b><br><br><i>Verdadero. Mecanismo de seguridad crítico contra bloqueos de software.</i>
[EMB] ¿En los modos de suspensión de muy bajo consumo (Deep Sleep/Standby), se desactivan osciladores y reguladores no esenciales?	<b>Verdadero (V)</b><br><br><i>Verdadero. Permite operar dispositivos IoT a batería durante años.</i>
[EMB] ¿El bit de paridad en una trama UART permite detectar errores de bit único en la recepción de un carácter?	<b>Verdadero (V)</b><br><br><i>Verdadero. Verifica si el número total de unos coincide con la paridad par o impar configurada.</i>
[ICAF] ¿El parámetro S11 representa el coeficiente de reflexión visto desde el puerto 1 cuando el puerto 2 está terminado en una carga adaptada a Z0?	<b>Verdadero (V)</b><br><br><i>Verdadero. S11 = b1 / a1 con a2 = 0.</i>
[ICAF] ¿El parámetro S21 cuantifica la ganancia o transmisión directa del puerto 1 al puerto 2?	<b>Verdadero (V)</b><br><br><i>Verdadero. |S21|^2 es la ganancia de potencia del transductor con puertos adaptados.</i>
[ICAF] ¿Un transistor de RF es incondicionalmente estable si el factor de Rollett cumple K > 1 y |Delta| < 1 simultáneamente?	<b>Verdadero (V)</b><br><br><i>Verdadero. No oscilará para cualquier impedancia pasiva conectada a la entrada y salida.</i>
[ICAF] Una bobina real de RF se comporta como un inductor ideal a cualquier frecuencia por elevada que sea.	<b>Falso (F)</b><br><br><i>Falso. Por encima de su frecuencia de autorresonancia (SRF) la capacidad parásita entre espiras domina y se vuelve capacitiva.</i>
[ICAF] ¿Un stub en cortocircuito de longitud eléctrica menor a un cuarto de onda (l < lambda/4) presenta una reactancia puramente inductiva?	<b>Verdadero (V)</b><br><br><i>Verdadero. Zin = j * Z0 * tan(beta * l) > 0.</i>
[ICAF] Un stub en circuito abierto de longitud lambda/4 se comporta como un circuito abierto en sus bornes.	<b>Falso (F)</b><br><br><i>Falso. Actúa como un cortocircuito perfecto (Zin = -j*Z0*cot(pi/2) = 0).</i>
[ICAF] ¿Las pérdidas de retorno (Return Loss) se definen como -20*log10(|S11|) y un valor alto indica una excelente adaptación?	<b>Verdadero (V)</b><br><br><i>Verdadero. Por ejemplo, RL > 20 dB significa que se refleja menos del 1% de la potencia incidente.</i>
[ICAF] ¿En una línea microstrip sobre PCB, la velocidad de propagación depende de la permitividad dieléctrica efectiva del sustrato?	<b>Verdadero (V)</b><br><br><i>Verdadero. El campo viaja parcialmente en el dieléctrico y parcialmente en el aire exterior (modo cuasi-TEM).</i>
[ICAF] ¿La Carta de Smith permite diseñar redes de adaptación en L agregando reactancias serie o susceptancias paralelo como desplazamientos por círculos?	<b>Verdadero (V)</b><br><br><i>Verdadero. Método gráfico canónico de diseño de microondas.</i>
[ICAF] El parámetro S12 representa la reflexión interna del puerto 2 hacia sí mismo.	<b>Falso (F)</b><br><br><i>Falso. S12 es el aislamiento o transmisión inversa del puerto 2 hacia el puerto 1.</i>
[ICAF] ¿Las pérdidas por inserción (Insertion Loss) representan la atenuación que sufre la señal al atravesar un cuadripolo?	<b>Verdadero (V)</b><br><br><i>Verdadero. IL = -20*log10(|S21|) dB.</i>
[ICAF] ¿En RF se prefieren los parámetros S frente a parámetros Z o Y porque son fáciles de medir sin necesidad de cortocircuitos o circuitos abiertos ideales en alta frecuencia?	<b>Verdadero (V)</b><br><br><i>Verdadero. Se miden con terminaciones de referencia estándar (50 ohms) sin provocar oscilaciones no deseadas.</i>
[TRS] ¿Los filtros FIR son intrínsecamente estables porque todas sus funciones de transferencia presentan únicamente polos en el origen z = 0?	<b>Verdadero (V)</b><br><br><i>Verdadero. Tienen un número finito de coeficientes en su respuesta impulsional.</i>
[TRS] ¿Los filtros FIR con simetría par o impar garantizan una fase rigurosamente lineal y retardo de grupo constante?	<b>Verdadero (V)</b><br><br><i>Verdadero. Preservan la forma de onda de las señales complejas sin dispersión de fase.</i>
[TRS] La transformación bilineal introduce una deformación o compresión de la escala de frecuencias (frequency warping) que exige un predistorsionado previo.	<b>Verdadero (V)</b><br><br><i>Verdadero. Omega = (2/Ts)*tan(omega/2); mapea todo el eje jOmega en la circunferencia unidad |z|=1.</i>
[TRS] ¿Cada bit adicional de resolución en un convertidor ADC cuantizado uniformemente incrementa la relación SQNR en aproximadamente 6.02 dB?	<b>Verdadero (V)</b><br><br><i>Verdadero. SQNR approx 6.02*B + 1.76 dB.</i>
[TRS] Un filtro IIR requiere siempre mayor número de coeficientes y operaciones que un filtro FIR para satisfacer las mismas especificaciones de atenuación.	<b>Falso (F)</b><br><br><i>Falso. Los filtros IIR aprovechan polos y ceros, requiriendo un orden mucho menor que los FIR equivalentes.</i>
[TRS] ¿El diezmado por un factor M consiste en un filtrado antialiasing pasobajo previo seguido de la eliminación de M-1 de cada M muestras?	<b>Verdadero (V)</b><br><br><i>Verdadero. El prefiltrado evita el solapamiento espectral.</i>
[TRS] ¿La interpolación por un factor L inserta L-1 ceros entre muestras consecutivas seguida de un filtro pasobajo de anti-imagen?	<b>Verdadero (V)</b><br><br><i>Verdadero. Elimina las réplicas espectrales intermedias restaurando la señal en la nueva frecuencia de muestreo L*fs.</i>
[TRS] El algoritmo LMS adaptativo minimiza el error cuadrático medio actualizando los pesos en la dirección del gradiente instantáneo.	<b>Verdadero (V)</b><br><br><i>Verdadero. w[n+1] = w[n] + 2*mu*e[n]*x[n].</i>
[TRS] ¿El método del periodograma de Welch divide la señal en segmentos solapados enventanados y promedia sus periodogramas para reducir la varianza de la estimación espectral?	<b>Verdadero (V)</b><br><br><i>Verdadero. Reduce el ruido y la varianza espectral a costa de una pequeña merma en resolución frecuencial.</i>
[TRS] Los filtros Butterworth se caracterizan por presentar un rizado equiripple en la banda de paso y de corte.	<b>Falso (F)</b><br><br><i>Falso. Los Butterworth son de máxima planicidad (maximally flat) sin ningún rizado. El rizado equiripple es característico de Chebyshev y Cauer/Elípticos.</i>
[TRS] ¿La estructura de filtrado polifase permite trasladar los filtros digitales a la frecuencia de muestreo más baja optimizando el número de operaciones por segundo?	<b>Verdadero (V)</b><br><br><i>Verdadero. Fundamento de los bancos de filtros eficientes en telecomunicaciones.</i>
[TRS] ¿El desbordamiento en aritmética de punto fijo en complementario a dos sin saturación puede originar ciclos límite de gran amplitud?	<b>Verdadero (V)</b><br><br><i>Verdadero. Las oscilaciones por wrap-around provocan inestabilidad si no se incluye lógica de saturación.</i>
[EP] ¿Un proyecto de ingeniería de inversión se considera económicamente viable según el criterio del VAN si su VAN > 0 a la tasa de descuento fijada?	<b>Verdadero (V)</b><br><br><i>Verdadero. Genera valor añadido neto por encima del coste de oportunidad del capital.</i>
[EP] ¿La Tasa Interna de Retorno (TIR) es la tasa de actualización que hace exactamente cero el Valor Actual Neto (VAN = 0)?	<b>Verdadero (V)</b><br><br><i>Verdadero. Rentabilidad intrínseca del flujo de caja del proyecto.</i>
[EP] En la gestión de proyectos por el camino crítico (CPM), las actividades que forman parte del camino crítico tienen holgura total positiva y holgada.	<b>Falso (F)</b><br><br><i>Falso. Tienen holgura total nula (holgura = 0); cualquier retraso en ellas demora la fecha final de entrega del proyecto.</i>
[EP] ¿En el método del Valor Ganado (EVM), un CPI > 1 indica que el proyecto está gastando menos presupuesto de lo previsto para el trabajo realizado?	<b>Verdadero (V)</b><br><br><i>Verdadero. CPI = EV / AC > 1 representa eficiencia de costes.</i>
[EP] ¿El umbral de rentabilidad o punto muerto representa el volumen de ventas en el que los ingresos totales igualan a los costes totales (beneficio cero)?	<b>Verdadero (V)</b><br><br><i>Verdadero. A partir de esa cantidad la empresa empieza a obtener beneficios netos.</i>
[EP] Una patente de invención concede un derecho exclusivo de explotación industrial y comercial por tiempo ilimitado para siempre.	<b>Falso (F)</b><br><br><i>Falso. Concede un monopolio temporal limitado generalmente a 20 años desde la fecha de solicitud.</i>
[EP] ¿La estructura de desglose del trabajo (WBS/EDT) organiza y descompone jerárquicamente el alcance completo del proyecto en paquetes de trabajo?	<b>Verdadero (V)</b><br><br><i>Verdadero. Base fundamental para planificar costes, recursos y plazos.</i>
[EP] ¿El balance de situación refleja el patrimonio de la empresa en un instante temporal dividido en Activo, Pasivo y Patrimonio Neto?	<b>Verdadero (V)</b><br><br><i>Verdadero. Activo = Pasivo + Patrimonio Neto.</i>
[EP] ¿En la gestión ágil Scrum, el Product Backlog priorizado es responsabilidad principal del Product Owner?	<b>Verdadero (V)</b><br><br><i>Verdadero. Define qué funcionalidades aportan mayor valor de negocio al cliente.</i>
[EP] El periodo de recuperación o payback simple tiene en cuenta el valor temporal del dinero a lo largo de los años futuros.	<b>Falso (F)</b><br><br><i>Falso. El payback simple no descuenta los flujos futuros; para tenerlo en cuenta debe emplearse el payback descontado.</i>
[EP] ¿La matriz DAFO (SWOT) evalúa los factores internos (Debilidades, Fortalezas) y los factores externos (Amenazas, Oportunidades) de una organización?	<b>Verdadero (V)</b><br><br><i>Verdadero. Herramienta clásica de diagnóstico estratégico empresarial.</i>
[EP] ¿El ciclo de vida de un producto tecnológico suele describirse en cuatro fases: introducción, crecimiento, madurez y declive?	<b>Verdadero (V)</b><br><br><i>Verdadero. Modelo clásico del ciclo de vida industrial.</i>
[SM] ¿El amplificador de instrumentación clásico de 3 operacionales permite fijar la ganancia diferencial total mediante una única resistencia externa Rg?	<b>Verdadero (V)</b><br><br><i>Verdadero. Ad = (1 + 2*R1/Rg) * (R3/R2).</i>
[SM] ¿El factor de galga (Gauge Factor GF) de una galga extensométrica metálica convencional ronda un valor cercano a 2.0?	<b>Verdadero (V)</b><br><br><i>Verdadero. Relaciona la variación relativa de resistencia con la deformación mecánica unitaria.</i>
[SM] La resistencia de un sensor PT100 a 0 grados Celsius es de 1000 ohms.	<b>Falso (F)</b><br><br><i>Falso. A 0 grados Celsius es exactamente 100 ohms (de ahí la denominación PT100; el de 1000 ohms es el PT1000).</i>
[SM] ¿En un termopar, la tensión termoeléctrica de Seebeck se produce debido a la diferencia de temperatura entre la unión de medida y la unión de referencia?	<b>Verdadero (V)</b><br><br><i>Verdadero. Requiere compensación electrónica de unión fría.</i>
[SM] ¿Un termistor NTC (Negative Temperature Coefficient) disminuye su resistencia eléctrica al aumentar la temperatura?	<b>Verdadero (V)</b><br><br><i>Verdadero. Comportamiento semiconductor característico frente a los metales (PTC).</i>
[SM] La conexión a 2 hilos para una sonda RTD PT100 elimina completamente el error introducido por la resistencia de los cables de conexión lejanos.	<b>Falso (F)</b><br><br><i>Falso. La conexión a 2 hilos suma la resistencia del cable; para anularla se requiere conexión a 3 o 4 hilos (Kelvin).</i>
[SM] ¿La norma GUM clasifica las incertidumbres en Tipo A (evaluadas estadísticamente) y Tipo B (obtenidas por certificados y especificaciones técnicas)?	<b>Verdadero (V)</b><br><br><i>Verdadero. Base metrológica internacional de estimación de incertidumbre.</i>
[SM] ¿Los convertidores analógico-digitales Sigma-Delta aprovechan el sobremuestreo y la modulación de ruido (noise shaping) para lograr altísima resolución a bajas frecuencias?	<b>Verdadero (V)</b><br><br><i>Verdadero. Desplazan la energía del ruido de cuantización hacia altas frecuencias donde se filtra digitalmente.</i>
[SM] ¿El sensor LVDT (Linear Variable Differential Transformer) mide desplazamientos mecánicos lineales con aislamiento galvánico y prácticamente nula fricción mecánica?	<b>Verdadero (V)</b><br><br><i>Verdadero. Transductor inductivo de núcleo móvil ferromagnético.</i>
[SM] El rechazo al modo común (CMRR) de un amplificador de instrumentación es típicamente muy bajo (alrededor de 10 dB).	<b>Falso (F)</b><br><br><i>Falso. Es muy alto, típicamente entre 80 dB y 120 dB, para rechazar interferencias parásitas inducidas de red (50/60 Hz).</i>
[SM] ¿La linealización analógica o por software de un sensor busca convertir una respuesta curva no lineal en una relación proporcional directa?	<b>Verdadero (V)</b><br><br><i>Verdadero. Facilita el procesamiento directo de la variable física.</i>
[SM] ¿Un puente de Wheatstone con 4 galgas activas (puente completo) cuadruplica la sensibilidad y compensa automáticamente las variaciones térmicas parásitas?	<b>Verdadero (V)</b><br><br><i>Verdadero. Vo = Vs * Delta_R / R0 con compensación térmica simétrica.</i>
[SDC] ¿Una LUT (Look-Up Table) de 6 entradas en una FPGA moderna puede implementar cualquier función lógica combinacional arbitraria de 6 variables?	<b>Verdadero (V)</b><br><br><i>Verdadero. Almacena en 64 bits de memoria estática la tabla de verdad completa de la función.</i>
[SDC] ¿El análisis estático de temporización (STA) evalúa exhaustivamente todos los caminos temporales sin necesidad de aplicar vectores de test en simulación?	<b>Verdadero (V)</b><br><br><i>Verdadero. Verifica analíticamente que se cumplan las cotas de setup y hold en el peor caso tecnológico.</i>
[SDC] Si el Slack de Setup en un camino crítico es negativo, el circuito funcionará correctamente reduciendo el voltaje de alimentación.	<b>Falso (F)</b><br><br><i>Falso. Un slack negativo indica una violación de temporización; para subsanarlo debe reducirse la frecuencia de reloj o optimizar el camino lógico.</i>
[SDC] ¿Para sincronizar una señal monocanal que cruza de un dominio de reloj a otro asíncrono (CDC), se emplea comúnmente una cadena de 2 biestables (2-FF synchronizer)?	<b>Verdadero (V)</b><br><br><i>Verdadero. Reduce exponencialmente la probabilidad de que la metaestabilidad se propague al circuito de destino.</i>
[SDC] ¿Los bloques DSP embebidos en una FPGA integran multiplicadores hardware de alta velocidad y acumuladores optimizados para filtros FIR y FFT?	<b>Verdadero (V)</b><br><br><i>Verdadero. Realizan operaciones MAC (Multiply-Accumulate) en un único ciclo de reloj.</i>
[SDC] La memoria distribuida en una FPGA utiliza las memorias de bloque dedicadas BRAM en lugar de las tablas de búsqueda LUT.	<b>Falso (F)</b><br><br><i>Falso. La memoria distribuida aprovecha directamente la SRAM de las LUTs de la matriz lógica; las BRAMs son bloques físicos independientes.</i>
[SDC] ¿La técnica de 'pipelining' o segmentación inserta registros intermedios para fragmentar caminos combinacionales largos y elevar la frecuencia máxima fmax?	<b>Verdadero (V)</b><br><br><i>Verdadero. Reduce el retardo crítico por etapa aumentando el throughput a costa de unos pocos ciclos de latencia inicial.</i>
[SDC] ¿Un FIFO asíncrono permite transferir múltiples palabras de datos entre dos dominios de reloj distintos utilizando punteros codificados en código Gray?	<b>Verdadero (V)</b><br><br><i>Verdadero. El código Gray cambia solo 1 bit por transición, eliminando lecturas corruptas de punteros en el cruce de reloj.</i>
[SDC] En el flujo de diseño de FPGAs, la etapa de 'Place & Route' ocurre antes de la síntesis lógica RTL.	<b>Falso (F)</b><br><br><i>Falso. La síntesis lógica RTL y el mapeo a primitivas preceden obligatoriamente al emplazamiento y enrutado físico (Place & Route).</i>
[SDC] ¿Las restricciones físicas de reloj y temporización en herramientas modernas se definen habitualmente mediante archivos de formato SDC/XDC?	<b>Verdadero (V)</b><br><br><i>Verdadero. Synopsys Design Constraints / Xilinx Design Constraints.</i>
[SDC] ¿El reloj de una FPGA se distribuye a través de una red de árboles de reloj globales dedicados de bajo skew (búferes BUFG)?	<b>Verdadero (V)</b><br><br><i>Verdadero. Garantiza mínima dispersión temporal de llegada a todos los biestables del chip.</i>
[SDC] ¿La síntesis de alto nivel (HLS) permite generar descripciones hardware sintetizables en VHDL o Verilog a partir de código algorítmico escrito en C/C++?	<b>Verdadero (V)</b><br><br><i>Verdadero. Acelera drásticamente el desarrollo de algoritmos matemáticos complejos en hardware.</i>
[CIAF] ¿La fórmula de Friis demuestra que la figura de ruido de la primera etapa (LNA) es el factor dominante en la figura de ruido total de una cadena receptora de RF?	<b>Verdadero (V)</b><br><br><i>Verdadero. El ruido de las etapas posteriores se divide por la ganancia acumulada G1*G2...</i>
[CIAF] ¿El divisor de potencia de Wilkinson proporciona adaptación perfecta en todos sus puertos y aislamiento ideal entre las salidas a la frecuencia de diseño?	<b>Verdadero (V)</b><br><br><i>Verdadero. Gracias a las líneas de cuarto de onda de 70.7 ohms y la resistencia de aislamiento de 100 ohms.</i>
[CIAF] El punto de compresión a 1 dB (P1dB) se produce a una potencia superior al punto de intersección de tercer orden (IP3).	<b>Falso (F)</b><br><br><i>Falso. OIP3 es una extrapolación teórica que se sitúa típicamente entre 10 y 12 dB por encima de P1dB.</i>
[CIAF] ¿El criterio de Barkhausen exige que la ganancia de bucle sea igual o superior a 1 con desfase neto de 0 grados para mantener oscilaciones estables?	<b>Verdadero (V)</b><br><br><i>Verdadero. Condición necesaria de realimentación positiva en osciladores.</i>
[CIAF] ¿La celda de Gilbert es una topología de mezclador doblemente balanceado que cancela el paso directo tanto de la señal de RF como del oscilador local (LO) a la salida de FI?	<b>Verdadero (V)</b><br><br><i>Verdadero. Alta supresión de productos espurios de intermodulación.</i>
[CIAF] Un oscilador de microondas con alto factor de calidad QL en su circuito resonante presenta un elevado ruido de fase.	<b>Falso (F)</b><br><br><i>Falso. Según la ecuación de Leeson, el ruido de fase es inversamente proporcional a QL^2; a mayor Q, menor ruido de fase.</i>
[CIAF] ¿Los amplificadores de potencia en conmutación en Clase E o F alcanzan eficiencias teóricas cercanas al 100% minimizando el solapamiento simultáneo de V e I?	<b>Verdadero (V)</b><br><br><i>Verdadero. Conmutan a tensión nula (ZVS) o corriente nula (ZCS).</i>
[CIAF] ¿En un LNA, la adaptación para mínima figura de ruido (Gamma_opt) no siempre coincide con la adaptación de potencia conjugada (S11*)?	<b>Verdadero (V)</b><br><br><i>Verdadero. Se debe buscar un compromiso de diseño entre ganancia, VSWR y figura de ruido.</i>
[CIAF] ¿Un diodo varactor se utiliza comúnmente en un oscilador controlado por tensión (VCO) como condensador variable mediante tensión inversa?	<b>Verdadero (V)</b><br><br><i>Verdadero. La variación de su capacidad modifica la frecuencia de resonancia del tanque LC.</i>
[CIAF] Un acoplador directivo de cuadratura (branch-line de 90 grados) divide la potencia incidente a partes iguales con una diferencia de fase de 180 grados entre las salidas.	<b>Falso (F)</b><br><br><i>Falso. Introduce un desfase de exactamente 90 grados (de ahí el nombre cuadratura). El desfase de 180 grados es propio del anillo híbrido (rat-race).</i>
[CIAF] ¿Los productos de intermodulación de tercer orden (2f1 - f2 y 2f2 - f1) son especialmente perjudiciales porque caen directamente dentro del ancho de banda del canal receptor?	<b>Verdadero (V)</b><br><br><i>Verdadero. No pueden eliminarse mediante filtrado pasobanda convencional.</i>
[CIAF] ¿El amplificador Doherty mejora sustancialmente la eficiencia energética a potencias medias frente a señales con alta relación de potencia pico a promedio (PAPR)?	<b>Verdadero (V)</b><br><br><i>Verdadero. Combina un amplificador portador (carrier) y uno de pico (peaking) con modulación activa de carga.</i>
[CEM] ¿La ecuación de Black modela el tiempo medio hasta el fallo (MTTF) de pistas de interconexión metálica por electromigración en función de la densidad de corriente J y temperatura T?	<b>Verdadero (V)</b><br><br><i>Verdadero. MTTF = (A / J^2) * exp(Ea / kT).</i>
[CEM] ¿Los materiales piezoeléctricos generan una carga eléctrica superficial en respuesta a una tensión mecánica aplicada?	<b>Verdadero (V)</b><br><br><i>Verdadero. Efecto piezoeléctrico directo, reversible con el inverso (deformación por campo E).</i>
[CEM] Las pérdidas por corrientes de Foucault (Eddy currents) en núcleos magnéticos son independientes de la frecuencia de operación.	<b>Falso (F)</b><br><br><i>Falso. Crecen con el cuadrado de la frecuencia (f^2); por eso a alta frecuencia se usan ferritas cerámicas de alta resistividad eléctrica.</i>
[CEM] ¿Las ferritas son óxidos cerámicos ferromagnéticos con alta permeabilidad magnética y muy baja conductividad eléctrica ideales para transformadores e inductores de alta frecuencia?	<b>Verdadero (V)</b><br><br><i>Verdadero. Su alta resistividad suprime drásticamente las corrientes parásitas de Foucault.</i>
[CEM] ¿Las aleaciones de soldadura sin plomo SAC (Sn-Ag-Cu) sustituyen al plomo cumpliendo las normativas medioambientales RoHS?	<b>Verdadero (V)</b><br><br><i>Verdadero. Aleación estándar en la industria de ensamblaje superficial SMT.</i>
[CEM] El fenómeno de electromigración se ve mitigado a temperaturas operativas muy elevadas.	<b>Falso (F)</b><br><br><i>Falso. La difusión atómica se acelera exponencialmente con la temperatura según la ley de Arrhenius, agravando el fallo por vacancias o 'whiskers'.</i>
[CEM] ¿El cobre presenta una conductividad eléctrica superior a la del aluminio pero tiene mayor masa específica y mayor coste?	<b>Verdadero (V)</b><br><br><i>Verdadero. sigma_Cu approx 5.8e7 S/m frente a sigma_Al approx 3.5e7 S/m.</i>
[CEM] ¿Un material ferromagnético por encima de su temperatura de Curie (Tc) pierde su magnetización espontánea y se comporta como paramagnético?	<b>Verdadero (V)</b><br><br><i>Verdadero. La agitación térmica desordena los dominios magnéticos de Weiss.</i>
[CEM] ¿El cuarzo monocristalino se utiliza en osciladores de precisión gracias a su altísimo factor de calidad mecánico Q y gran estabilidad térmica?	<b>Verdadero (V)</b><br><br><i>Verdadero. Q > 100,000 en cortes térmicamente compensados como el corte AT.</i>
[CEM] La fatiga térmica en uniones soldadas BGA se produce principalmente por el idéntico coeficiente de dilatación térmica (CTE) entre silicio y placa PCB.	<b>Falso (F)</b><br><br><i>Falso. Se produce precisamente por la discrepancia o desajuste de CTE (CTE mismatch) entre el chip y el sustrato orgánico FR4.</i>
[CEM] ¿La resistividad de los metales puros aumenta linealmente con la temperatura debido al incremento de la dispersión de electrones por fonones (vibraciones reticulares)?	<b>Verdadero (V)</b><br><br><i>Verdadero. Regla de Matthiessen rho(T) = rho0*(1 + alpha*Delta_T).</i>
[CEM] ¿Los condensadores cerámicos dieléctricos de Clase 1 (como C0G/NP0) ofrecen capacitancia prácticamente invariable frente a temperatura y voltaje continuo aplicado?	<b>Verdadero (V)</b><br><br><i>Verdadero. Frente a los de Clase 2 (X7R, Y5V) que sufren fuerte degradación capacitiva con bias DC.</i>
[CTR] ¿El término integral (Ki) en un controlador PID elimina de forma estricta el error en régimen permanente ante una entrada en escalón constante?	<b>Verdadero (V)</b><br><br><i>Verdadero. Introduce un polo en el origen (sistema Tipo 1) que fuerza error nulo en régimen permanente.</i>
[CTR] ¿El término derivativo (Kd) aporta amortiguamiento anticipativo mejorando la estabilidad y reduciendo la sobreoscilación?	<b>Verdadero (V)</b><br><br><i>Verdadero. Actúa proporcionalmente a la velocidad de cambio del error.</i>
[CTR] El fenómeno de saturación del integrador ('integrator windup') se produce cuando el actuador opera holgadamente dentro de su rango lineal.	<b>Falso (F)</b><br><br><i>Falso. Ocurre cuando el actuador satura a su límite físico y el integrador sigue acumulando error sin poder corregirlo; exige técnicas anti-windup.</i>
[CTR] ¿El criterio de Routh-Hurwitz permite conocer cuántas raíces de un polinomio característico tienen parte real positiva sin necesidad de factorizarlas explícitamente?	<b>Verdadero (V)</b><br><br><i>Verdadero. El número de polos inestables es igual al número de cambios de signo en la primera columna de la tabla de Routh.</i>
[CTR] ¿Un coeficiente de amortiguamiento zeta = 0.707 (1/sqrt(2)) proporciona un compromiso excelente entre velocidad de subida y baja sobreoscilación (aprox. 4.3%)?	<b>Verdadero (V)</b><br><br><i>Verdadero. Valor de diseño ampliamente utilizado en ingeniería de control.</i>
[CTR] En el lugar de las raíces (Root Locus), los polos en bucle cerrado parten de los ceros y terminan en los polos en bucle abierto al aumentar la ganancia K.	<b>Falso (F)</b><br><br><i>Falso. Parten de los polos en bucle abierto (K=0) y terminan en los ceros (K -> infinito).</i>
[CTR] ¿Un sistema de fase no mínima contiene ceros o polos en el semiplano complejo derecho que limitan el ancho de banda alcanzable?	<b>Verdadero (V)</b><br><br><i>Verdadero. Los ceros en el semiplano derecho producen retraso de fase adicional y respuesta inversa inicial.</i>
[CTR] ¿El Margen de Fase (PM) se mide a la frecuencia de cruce de ganancia donde el módulo de la función de bucle abierto es 0 dB?	<b>Verdadero (V)</b><br><br><i>Verdadero. PM = 180 + fase(L(j*w_0dB)).</i>
[CTR] ¿El método de discretización trapezoidal (Tustin) mapea todo el semiplano izquierdo continuo s estrictamente dentro del círculo unidad discreto z?	<b>Verdadero (V)</b><br><br><i>Verdadero. Preserva fielmente la estabilidad del sistema analógico al pasar a digital.</i>
[CTR] Aumentar indefinidamente la ganancia proporcional Kp de un sistema de tercer orden continuo siempre incrementa la estabilidad del lazo.	<b>Falso (F)</b><br><br><i>Falso. Desplaza los polos hacia el semiplano derecho provocando oscilaciones inestables.</i>
[CTR] ¿El teorema del valor final aplicado al error en Laplace requiere que los polos de s*E(s) tengan parte real negativa?	<b>Verdadero (V)</b><br><br><i>Verdadero. Requisito indispensable para que exista un valor asintótico estable en el tiempo.</i>
[CTR] ¿La representación en variables de estado dx/dt = Ax + Bu, y = Cx + Du permite modelar sistemas multivariables (MIMO) e internamente no lineales?	<b>Verdadero (V)</b><br><br><i>Verdadero. Marco matemático unificado de la teoría de control moderna.</i>
[IOT] ¿El factor de ensanchamiento (Spreading Factor SF) en modulación LoRa permite intercambiar mayor alcance de cobertura por menor velocidad binaria y mayor tiempo en el aire?	<b>Verdadero (V)</b><br><br><i>Verdadero. A mayor SF (de SF7 a SF12), mayor sensibilidad y robustez frente a interferencias.</i>
[IOT] ¿El protocolo MQTT utiliza una arquitectura de publicación/suscripción mediante un servidor central (Broker) sobre transporte TCP?	<b>Verdadero (V)</b><br><br><i>Verdadero. Desacopla espacial y temporalmente los emisores de los receptores de datos.</i>
[IOT] El protocolo CoAP (Constrained Application Protocol) funciona sobre transporte TCP orientado a conexión pesada.	<b>Falso (F)</b><br><br><i>Falso. Opera sobre UDP con cabeceras binarias mínimas de 4 bytes optimizadas para nodos de muy bajos recursos.</i>
[IOT] ¿La red LoRaWAN en Europa utiliza la banda ISM sub-GHz de 868 MHz sujeta a un límite de ciclo de trabajo (duty cycle) normativo del 1%?	<b>Verdadero (V)</b><br><br><i>Verdadero. Restringe el tiempo de transmisión para evitar saturar el canal común compartido.</i>
[IOT] ¿El perfil BLE (Bluetooth Low Energy) organiza los datos en servicios y características mediante la arquitectura GATT (Generic Attribute Profile)?	<b>Verdadero (V)</b><br><br><i>Verdadero. Estructura estándar jerárquica de intercambio de telemetría y comandos.</i>
[IOT] En redes NB-IoT (Narrowband IoT), los dispositivos transmiten sobre frecuencias no reguladas sin licencia de operador móvil.	<b>Falso (F)</b><br><br><i>Falso. NB-IoT es un estándar 3GPP que opera sobre espectro licenciado celular dentro de bandas LTE.</i>
[IOT] ¿El modo de reposo profundo (Deep Sleep) con consumo inferior a unos pocos microamperios es imprescindible para que un nodo IoT opere 5 a 10 años con una pila botón?	<b>Verdadero (V)</b><br><br><i>Verdadero. El dispositivo pasa más del 99% del tiempo en modo suspensión apagando radios y periféricos.</i>
[IOT] ¿Un elemento seguro de hardware (Secure Element / HSM) almacena claves criptográficas privadas y protege contra ataques de extracción física y canal lateral?	<b>Verdadero (V)</b><br><br><i>Verdadero. Garantiza la identidad inmutable y la autenticidad del nodo frente a la nube.</i>
[IOT] El nivel de calidad de servicio QoS 0 en MQTT garantiza que el mensaje se entrega obligatoriamente al menos una vez al suscriptor.	<b>Falso (F)</b><br><br><i>Falso. QoS 0 es 'at most once' (como máximo una vez, sin retransmisiones ni acuse); QoS 1 es 'at least once' y QoS 2 es 'exactly once'.</i>
[IOT] ¿La técnica de Edge Computing procesa e infiere datos preliminares en el propio nodo o gateway reduciendo el volumen de tráfico enviado a la nube?	<b>Verdadero (V)</b><br><br><i>Verdadero. Reduce la latencia y ahorra energía de transmisión de radio.</i>
[IOT] ¿Las técnicas de Energy Harvesting permiten a dispositivos IoT autoalimentarse capturando energía residual del entorno (luz solar, vibraciones piezoeléctricas o gradientes térmicos Seebeck)?	<b>Verdadero (V)</b><br><br><i>Verdadero. Permite nodos completamente desatendidos sin recambio de baterías.</i>
[IOT] ¿En el protocolo CoAP, el método 'Observe' permite a un cliente recibir actualizaciones automáticas del servidor cuando cambia el estado de un recurso sin hacer polling continuo?	<b>Verdadero (V)</b><br><br><i>Verdadero. Extensión pub/sub ligera sobre REST/CoAP.</i>
[RT] ¿En un sistema de tiempo real estricto (Hard Real-Time), el incumplimiento de un único plazo de ejecución (deadline) supone un fallo catastrófico del sistema?	<b>Verdadero (V)</b><br><br><i>Verdadero. En sistemas críticos (aeroespacial, automoción, médico) la corrección temporal es tan vital como la lógica.</i>
[RT] ¿El algoritmo Rate Monotonic (RM) asigna prioridades estáticas de forma inversamente proporcional al periodo de la tarea (menor periodo = mayor prioridad)?	<b>Verdadero (V)</b><br><br><i>Verdadero. Algoritmo óptimo de prioridad estática para tareas periódicas independientes con deadlines implícitos.</i>
[RT] El algoritmo dinámico Earliest Deadline First (EDF) solo puede garantizar planificabilidad si la utilización total es menor al 69.3%.	<b>Falso (F)</b><br><br><i>Falso. EDF puede alcanzar una utilización de hasta el 100% (U <= 1.0) para tareas con deadlines en fin de periodo.</i>
[RT] ¿El fenómeno de inversión de prioridades ocurre cuando una tarea de alta prioridad queda bloqueada esperando un recurso retenido por una de baja prioridad y desaloja una de prioridad intermedia?	<b>Verdadero (V)</b><br><br><i>Verdadero. Problema clásico que afectó al Mars Pathfinder en 1997.</i>
[RT] ¿El protocolo de herencia de prioridad (Priority Inheritance Protocol PIP) eleva temporalmente la prioridad de la tarea que posee el mutex a la prioridad de la tarea que lo reclama?	<b>Verdadero (V)</b><br><br><i>Verdadero. Evita que tareas intermedias no relacionadas retrasen la liberación del recurso crítico.</i>
[RT] La función 'vTaskDelayUntil()' en FreeRTOS sufre de acumulación de derivas temporales (drift) a lo largo del tiempo.	<b>Falso (F)</b><br><br><i>Falso. 'vTaskDelayUntil' calcula el despertar de forma absoluta garantizando periodos exactos sin acumular jitter o deriva.</i>
[RT] ¿El análisis de tiempo de respuesta (Response Time Analysis RTA) permite verificar la planificabilidad de un conjunto de tareas incluso si superan la cota de Liu & Layland?	<b>Verdadero (V)</b><br><br><i>Verdadero. La cota de Liu & Layland es una condición suficiente pero no necesaria; el test RTA es exacto y necesario.</i>
[RT] ¿Un semáforo binario utilizado para sincronización pura evento-a-tarea no debe incorporar herencia de prioridad, reservándose ésta para mutexes de exclusión mutua?	<b>Verdadero (V)</b><br><br><i>Verdadero. En sincronización un hilo da la señal y otro la consume, no hay concepto de 'dueño' del recurso.</i>
[RT] El cambio de contexto (Context Switch) en un microcontrolador se realiza en exactamente cero ciclos de instrucción sin consumir tiempo alguno.	<b>Falso (F)</b><br><br><i>Falso. Requiere apilar registros de la CPU en el stack, actualizar el puntero de pila y restaurar registros de la nueva tarea, consumiendo latencia determinista.</i>
[RT] ¿El protocolo de techo de prioridad (Priority Ceiling Protocol PCP) previene los bloqueos mutuos (deadlocks) además de acotar la inversión de prioridad a como máximo una sección crítica?	<b>Verdadero (V)</b><br><br><i>Verdadero. Bloquea el acceso si la prioridad del proceso no supera los techos de los mutexes activos.</i>
[RT] ¿El tiempo de ejecución en el peor caso (WCET) es la cota superior determinista del tiempo que tarda una tarea en completarse bajo cualquier circunstancia?	<b>Verdadero (V)</b><br><br><i>Verdadero. Parámetro de entrada fundamental para cualquier prueba de planificabilidad formal.</i>
[RT] ¿Una cola de mensajes (Message Queue) en un RTOS proporciona transferencia segura de datos e hilos sincronizados entre tareas e interrupciones?	<b>Verdadero (V)</b><br><br><i>Verdadero. Mecanismo canónico de paso de mensajes con gestión de buffering interno.</i>
[PEE] ¿En un convertidor Buck ideal en modo de conducción continua (CCM), la relación entre tensión de salida y de entrada es Vo = D * Vg?	<b>Verdadero (V)</b><br><br><i>Verdadero. Donde D es el ciclo de trabajo comprendido entre 0 y 1.</i>
[PEE] ¿En un convertidor elevador Boost ideal en CCM, la tensión de salida siempre es estrictamente mayor o igual a la tensión de entrada?	<b>Verdadero (V)</b><br><br><i>Verdadero. Vo = Vg / (1 - D) con D en [0, 1).</i>
[PEE] La resistencia serie equivalente (ESR) del condensador de salida no influye en absoluto en el rizado de tensión en un convertidor Buck.	<b>Falso (F)</b><br><br><i>Falso. A frecuencias de conmutación altas, el rizado debido a Delta_IL * ESR suele dominar ampliamente sobre la componente capacitiva Delta_IL / (8*C*fs).</i>
[PEE] ¿Los semiconductores de banda ancha (Wide Bandgap WBG) como carburo de silicio (SiC) y nitruro de galio (GaN) permiten frecuencias de conmutación muy superiores con menores pérdidas?	<b>Verdadero (V)</b><br><br><i>Verdadero. Poseen campo de ruptura eléctrico y movilidad electrónica muy superiores al silicio tradicional.</i>
[PEE] ¿El modo de conducción discontinua (DCM) aparece cuando la corriente por la inductancia cae a cero y se extingue durante una porción del ciclo de conmutación?	<b>Verdadero (V)</b><br><br><i>Verdadero. Ocurre a cargas ligeras cuando la corriente media es menor que Delta_IL / 2.</i>
[PEE] En un convertidor reductor Buck, la corriente de entrada demandada de la fuente es puramente continua sin ninguna componente pulsante.	<b>Falso (F)</b><br><br><i>Falso. La corriente de entrada es fuertemente discontinua y pulsante entre 0 e IL; por eso requiere un condensador de desacoplo de entrada robusto.</i>
[PEE] ¿Un circuito de Corrección del Factor de Potencia (PFC) activo suele basarse en un convertidor Boost para hacer que la corriente consumida de la red senoidal sea sinusoidal y en fase con la tensión?	<b>Verdadero (V)</b><br><br><i>Verdadero. Logra factores de potencia superiores a 0.99 y minimiza la distorsión armónica total (THD).</i>
[PEE] ¿La modulación PWM senoidal (SPWM) en inversores de puente completo compara una onda senoidal de referencia con una portadora triangular de alta frecuencia?	<b>Verdadero (V)</b><br><br><i>Verdadero. Genera trenes de pulsos cuya anchura es proporcional a la amplitud de la sinusoide deseada.</i>
[PEE] ¿Las pérdidas por conmutación en un interruptor crecen en proporción directa con la frecuencia de conmutación fs?	<b>Verdadero (V)</b><br><br><i>Verdadero. P_sw = 0.5 * Vds * Id * (tr + tf) * fs.</i>
[PEE] El convertidor Buck-Boost produce una tensión de salida de la misma polaridad que la tensión de entrada.	<b>Falso (F)</b><br><br><i>Falso. Es una topología inversora: produce una tensión de polaridad negativa respecto a masa (Vo = -D/(1-D) * Vg).</i>
[PEE] ¿Los diodos Schottky de carburo de silicio (SiC) carecen prácticamente de corriente de recuperación inversa (Qrr approx 0)?	<b>Verdadero (V)</b><br><br><i>Verdadero. Son dispositivos unipolares de portadores mayoritarios eliminando las pérdidas por recuperación inversa.</i>
[PEE] ¿Un transformador de aislamiento galvánico en un convertidor Flyback almacena energía magnética en el entrehierro de su núcleo durante el tiempo de conducción del transistor?	<b>Verdadero (V)</b><br><br><i>Verdadero. Actúa como inductancias acopladas (inductor con doble devanado), no como transformador puro continuo.</i>
[TEL] ¿Una pista de PCB se debe tratar como línea de transmisión distribuida si el retardo de propagación a lo largo de la pista supera la mitad del tiempo de subida de la señal (t_delay > tr / 2)?	<b>Verdadero (V)</b><br><br><i>Verdadero. Criterio fundamental de integridad de señal para evitar reflexiones destructivas.</i>
[TEL] ¿La resistencia térmica total unión-ambiente theta_JA es la suma en serie de theta_JC (unión-cápsula), theta_CS (cápsula-disipador) y theta_SA (disipador-ambiente)?	<b>Verdadero (V)</b><br><br><i>Verdadero. Modelo circuital térmico análogo a la ley de Ohm.</i>
[TEL] Un plano de masa continuo por debajo de las pistas de alta velocidad aumenta las emisiones radiadas y la inductancia del lazo de retorno.	<b>Falso (F)</b><br><br><i>Falso. Minimiza drásticamente el área del lazo de retorno, reduciendo la inductancia parásita y las emisiones de interferencia electromagnética (EMI).</i>
[TEL] ¿El desacoplo efectivo de la red de distribución de potencia (PDN) requiere condensadores cerámicos de varios valores colocados lo más cerca posible de los pines del circuito integrado?	<b>Verdadero (V)</b><br><br><i>Verdadero. Proporcionan corriente de alta frecuencia instantánea eludiendo la inductancia parásita de las pistas largas.</i>
[TEL] ¿La diafonía (crosstalk) entre dos pistas paralelas disminuye cuadráticamente al aumentar la distancia de separación entre ellas (regla 3W)?	<b>Verdadero (V)</b><br><br><i>Verdadero. Alejar las pistas reduce tanto el acoplo capacitivo mutuo como el inductivo.</i>
[TEL] La pasta térmica aplicada entre la cápsula del componente y el disipador incrementa la resistencia térmica de contacto.	<b>Falso (F)</b><br><br><i>Falso. Rellena las microrrugosidades microscópicas de aire (pésimo conductor térmico) reduciendo notablemente theta_CS.</i>
[TEL] ¿Las vías de retorno de masa junto a vías de señal de alta velocidad preservan la continuidad del camino de retorno reduciendo la discontinuidad de impedancia?	<b>Verdadero (V)</b><br><br><i>Verdadero. Mantienen la impedancia y evitan que la corriente de retorno busque caminos tortuosos.</i>
[TEL] ¿Una terminación en serie colocada al inicio de la pista con valor R_term = Z0 - R_driver anula las reflexiones procedentes del receptor en circuito abierto?	<b>Verdadero (V)</b><br><br><i>Verdadero. Absorbe la onda reflejada evitando resonancias sucesivas.</i>
[TEL] En el apilado (stack-up) de una PCB de 4 capas estándar, es recomendable colocar las pistas de reloj sobre una ranura abierta en el plano de masa de referencia.	<b>Falso (F)</b><br><br><i>Falso. Cruzar una ranura (slot) en el plano de masa destruye el camino de retorno, causando un pico de EMI y severa distorsión de la señal.</i>
[TEL] ¿El fenómeno de ringing (sobreoscilación y oscilación amortiguada) en conmutación rápida está originado por la resonancia entre la inductancia parásita de la pista y la capacidad de entrada del receptor?	<b>Verdadero (V)</b><br><br><i>Verdadero. Circuito RLC subamortiguado parásito.</i>
[TEL] ¿El cobre con peso estándar de 1 oz/ft^2 equivale a un espesor de lámina de aproximadamente 35 micrómetros?	<b>Verdadero (V)</b><br><br><i>Verdadero. Grosor típico de capas exteriores e interiores en PCBs industriales.</i>
[TEL] ¿La temperatura máxima de unión (Tj_max) típica permitida en componentes semiconductores de silicio suele situarse entre 125 y 150 grados Celsius?	<b>Verdadero (V)</b><br><br><i>Verdadero. Operar por encima compromete la fiabilidad y acelera la degradación física del silicio.</i>
[TEM] ¿La metodología Lean Startup promueve ciclos cortos e iterativos de Crear-Medir-Aprender para validar hipótesis de negocio con el menor desperdicio de recursos?	<b>Verdadero (V)</b><br><br><i>Verdadero. Enfoque fundacional formulado por Eric Ries.</i>
[TEM] ¿El Producto Mínimo Viable (MVP) es la versión preliminar de un nuevo producto que permite al equipo recolectar la máxima cantidad de aprendizaje validado sobre clientes con el mínimo esfuerzo?	<b>Verdadero (V)</b><br><br><i>Verdadero. No busca ser perfecto sino validar la propuesta de valor.</i>
[TEM] Un ratio LTV/CAC inferior a 1.0 indica un modelo de negocio altamente rentable y escalable.	<b>Falso (F)</b><br><br><i>Falso. Significa que captar a un cliente cuesta más que todo el beneficio que generará a lo largo de su vida; el negocio pierde dinero con cada venta (se busca LTV/CAC >= 3).</i>
[TEM] ¿El 'Runway' representa el número de meses que una startup puede continuar operando antes de agotar su saldo de tesorería disponible al ritmo actual de gasto neto (Burn Rate)?	<b>Verdadero (V)</b><br><br><i>Verdadero. Runway = Caja / Net Burn Rate mensual.</i>
[TEM] ¿El Business Model Canvas (BMC) de Osterwalder desglosa el modelo de negocio en 9 bloques estratégicos interconectados en un único lienzo?	<b>Verdadero (V)</b><br><br><i>Verdadero. Propuesta de valor, segmentos de clientes, canales, ingresos, estructura de costes, recursos clave, etc.</i>
[TEM] Un pivotaje (pivot) en una startup consiste en liquidar la empresa y despedir al equipo directivo.	<b>Falso (F)</b><br><br><i>Falso. Pivotar es una corrección estructurada diseñada para probar una nueva hipótesis fundamental sobre el producto o modelo de negocio manteniendo la visión.</i>
[TEM] ¿El encaje problema-solución (Problem-Solution Fit) se confirma cuando se demuestra empíricamente que los clientes potenciales tienen un problema real y la propuesta de valor lo resuelve efectivamente?	<b>Verdadero (V)</b><br><br><i>Verdadero. Precede al Product-Market Fit (escalabilidad en el mercado).</i>
[TEM] ¿El Churn Rate mide el porcentaje de clientes o suscriptores que se dan de baja o abandonan el servicio durante un periodo temporal dado?	<b>Verdadero (V)</b><br><br><i>Verdadero. Clave para calcular el ciclo de vida y la retención en modelos de ingresos recurrentes (SaaS).</i>
[TEM] ¿El pacto de socios regula los acuerdos y derechos entre fundadores e inversores antes de la entrada de capital de riesgo (cláusulas de vesting, drag-along y tag-along)?	<b>Verdadero (V)</b><br><br><i>Verdadero. Previene conflictos societarios graves y garantiza el compromiso a largo plazo.</i>
[TEM] Un inversor Business Angel solo invierte en empresas multinacionales consolidadas que cotizan en bolsa.	<b>Falso (F)</b><br><br><i>Falso. Los Business Angels son inversores particulares que aportan capital semilla, contactos y mentoría a startups en etapas muy tempranas (pre-seed y seed).</i>
[TEM] ¿El 'Product-Market Fit' (PMF) se alcanza cuando un producto satisface plenamente una fuerte demanda en un mercado con gran potencial de tracción orgánica?	<b>Verdadero (V)</b><br><br><i>Verdadero. Momento a partir del cual se justifica acelerar la inversión en marketing y ventas.</i>
[TEM] ¿El proceso de Customer Development de Steve Blank propone 'salir del edificio' para verificar hipótesis directamente con clientes reales antes de escribir código definitivo?	<b>Verdadero (V)</b><br><br><i>Verdadero. Evita construir productos que nadie necesita o está dispuesto a pagar.</i>
[DMIC] ¿La disipación de potencia dinámica de conmutación en una puerta CMOS depende cuadráticamente de la tensión de alimentación Vdd (P = alpha * C * Vdd^2 * f)?	<b>Verdadero (V)</b><br><br><i>Verdadero. Razón fundamental por la cual la reducción de Vdd es el mecanismo más eficaz de ahorro de energía.</i>
[DMIC] ¿El dimensionado simétrico habitual Wp / Wn suele fijarse entre 2 y 2.5 en silicio debido a que la movilidad de los electrones mu_n es mayor que la de los huecos mu_p?	<b>Verdadero (V)</b><br><br><i>Verdadero. Compensa la menor conductividad del canal p para equilibrar los tiempos de subida y bajada (tpLH = tpHL).</i>
[DMIC] En el estado estacionario de una puerta lógica CMOS estática con salida en nivel alto o bajo, existe una corriente continua de conducción directa considerable entre Vdd y tierra.	<b>Falso (F)</b><br><br><i>Falso. Uno de los dos transistores (red de pull-up o pull-down) está completamente en corte, reduciendo la corriente estática a mera fuga subumbral (leakage).</i>
[DMIC] ¿La verificación DRC (Design Rule Checking) comprueba que las geometrías dibujadas en el layout físico cumplan estrictamente las tolerancias dimensionales del proceso de fabricación (anchuras mínimas, separaciones)?	<b>Verdadero (V)</b><br><br><i>Verdadero. Evita defectos mecánicos y cortocircuitos por litografía.</i>
[DMIC] ¿La verificación LVS (Layout Versus Schematic) garantiza que la red eléctrica extraída del layout coincide topologicalmente con el esquemático de diseño?	<b>Verdadero (V)</b><br><br><i>Verdadero. Comprueba conectividad, transistores, nodos y propiedades geométricas.</i>
[DMIC] La célula básica de memoria SRAM estática estándar está constituida por 1 transistor y 1 condensador de almacenamiento de carga.	<b>Falso (F)</b><br><br><i>Falso. Esa es la célula de DRAM (1T-1C) que requiere refresco periódico; la célula de SRAM estándar se compone de 6 transistores (6T) con dos inversores realimentados en lazo cerrado.</i>
[DMIC] ¿Una referencia de tensión de tipo Bandgap aprovecha la suma ponderada de una tensión con coeficiente de temperatura negativo (Vbe) y otra con coeficiente positivo (VT) para obtener una tensión constante independiente de la temperatura?	<b>Verdadero (V)</b><br><br><i>Verdadero. Proporciona típicamente una referencia extraordinariamente estable de approx 1.25 V.</i>
[DMIC] ¿La técnica de layout por 'centroide común' (common-centroid) e interdigitado minimiza las discrepancias de apareamiento (mismatch) causadas por gradientes térmicos y de proceso en el silicio?	<b>Verdadero (V)</b><br><br><i>Verdadero. Práctica imprescindible en diseño analógico de pares diferenciales y espejos de corriente.</i>
[DMIC] La corriente de fuga subumbral en transistores CMOS disminuye drásticamente a medida que se reduce la longitud del canal por debajo de los 45 nm.	<b>Falso (F)</b><br><br><i>Falso. Aumenta exponencialmente debido a los efectos de canal corto (DIBL, disminución de la barrera de potencial por el drenador).</i>
[DMIC] ¿El 'Latch-up' en circuitos integrados CMOS es un cortocircuito parásito de baja impedancia originado por la activación involuntaria de una estructura tiristor PNPN parásita?	<b>Verdadero (V)</b><br><br><i>Verdadero. Puede destruir el chip si no se previenen contactos de sustrato y pozos con anillos de guarda adecuados.</i>
[DMIC] ¿El método del esfuerzo lógico (Logical Effort) permite calcular y optimizar analíticamente el número de etapas y el dimensionado de inversores para minimizar el retardo de un camino combinacional?	<b>Verdadero (V)</b><br><br><i>Verdadero. Metodología de Sutherland-Sproull ampliamente utilizada en microelectrónica.</i>
[DMIC] ¿Los márgenes de ruido NMH y NML cuantifican la inmunidad del circuito frente a interferencias espurias superpuestas a las señales lógicas?	<b>Verdadero (V)</b><br><br><i>Verdadero. NMH = VOH - VIH y NML = VIL - VOL.</i>
[DMIC] ¿En la lógica dinámica dominó, la evaluación condicional de la función se realiza únicamente durante la fase activa tras una fase previa de precarga a Vdd?	<b>Verdadero (V)</b><br><br><i>Verdadero. Acelera la conmutación a costa de mayor sensibilidad a fugas y ruido en nodos flotantes.</i>
[HIPS] ¿El algoritmo CORDIC permite calcular funciones trigonométricas, hiperbólicas y de rotación vectorial utilizando exclusivamente desplazamientos de bits (shifts) y sumas sin requerir multiplicadores hardware?	<b>Verdadero (V)</b><br><br><i>Verdadero. Ideal para arquitecturas digitales compactas y eficientes en FPGAs y ASICs.</i>
[HIPS] ¿La arquitectura Harvard de un procesador DSP dispone de buses y espacios de memoria separados e independientes para instrucciones y datos, permitiendo accesos simultáneos en el mismo ciclo?	<b>Verdadero (V)</b><br><br><i>Verdadero. Supera el cuello de botella de Von Neumann acelerando las instrucciones de Multiply-Accumulate (MAC).</i>
[HIPS] En el cálculo de la FFT mediante diezmado en el tiempo (DIT), las muestras de entrada deben ordenarse según la permutación de bits invertidos (bit-reversal).	<b>Verdadero (V)</b><br><br><i>Verdadero. Mapea la entrada para que la salida aparezca en orden natural de frecuencias.</i>
[HIPS] En aritmética de punto fijo con signo Q(1.15), un número puede representar valores mayores que +10.0.	<b>Falso (F)</b><br><br><i>Falso. El formato Q(1.15) tiene 1 bit de signo y 15 de fracción, representando números en el intervalo estricto [-1.0, +0.999969].</i>
[HIPS] ¿Una matriz sistólica es una red homogénea de celdas de procesamiento conectadas localmente que computan datos de forma rítmica y canalizada, muy eficiente para multiplicación de matrices y redes neuronales?	<b>Verdadero (V)</b><br><br><i>Verdadero. Maximiza la reutilización de datos sin saturar los buses globales.</i>
[HIPS] ¿El protocolo de bus en chip AMBA AXI4 soporta transferencias por ráfagas (burst transfers), canales independientes de lectura/escritura y transacciones fuera de orden (out-of-order)?	<b>Verdadero (V)</b><br><br><i>Verdadero. Estándar dominante de interconexión de alta velocidad en SoCs modernos.</i>
[HIPS] El direccionamiento circular (buffer circular) en procesadores DSP requiere una verificación continua por software mediante instrucciones condicionales 'if' para reiniciar los punteros.	<b>Falso (F)</b><br><br><i>Falso. Se implementa de forma automática y transparente en el hardware de generación de direcciones (AGU) con coste cero de ciclos de CPU.</i>
[HIPS] ¿La arquitectura VLIW (Very Long Instruction Word) empaqueta múltiples operaciones independientes en una única palabra de instrucción muy ancha para ser ejecutadas en paralelo por múltiples unidades funcionales?	<b>Verdadero (V)</b><br><br><i>Verdadero. El compilador se encarga de planificar estáticamente el paralelismo a nivel de instrucción.</i>
[HIPS] ¿Un convertidor digital reductor DDC (Digital Down-Converter) traslada una señal de RF/IF muestreada a banda base compleja I/Q mediante un oscilador NCO, mezcladores y filtros diezmadores CIC/FIR?	<b>Verdadero (V)</b><br><br><i>Verdadero. Núcleo fundamental del procesamiento en receptores de Radio Definida por Software (SDR).</i>
[HIPS] Los filtros CIC (Cascaded Integrator-Comb) requieren multiplicadores de punto flotante de alta complejidad para cada etapa.	<b>Falso (F)</b><br><br><i>Falso. No emplean multiplicadores; solo utilizan integradores (acumuladores) y peines (diferenciadores) con operaciones de suma y resta de enteros.</i>
[HIPS] ¿El factor de escala asintótico K de CORDIC para rotaciones circulares converge aproximadamente a 1.64676?	<b>Verdadero (V)</b><br><br><i>Verdadero. Requiere una multiplicación final de compensación (o pre-escalado de la entrada por 1/K approx 0.60725).</i>
[HIPS] ¿Las instrucciones SIMD (Single Instruction, Multiple Data) permiten procesar simultáneamente múltiples canales o muestras empaquetadas en un único registro vectorial?	<b>Verdadero (V)</b><br><br><i>Verdadero. Acelera masivamente el tratamiento de audio, imagen y vídeo.</i>
[HIPS] ¿El desbordamiento en acumuladores hardware de DSP suele configurarse con aritmética de saturación para prevenir discontinuidades catastróficas de signo?	<b>Verdadero (V)</b><br><br><i>Verdadero. Fija el valor al máximo o mínimo representable en lugar de envolver circularmente (wrap-around).</i>
[DIFO] ¿El espectro solar normalizado estándar utilizado para ensayar y certificar módulos fotovoltaicos terrestres es el AM1.5G con irradiancia de 1000 W/m^2 a 25 grados Celsius?	<b>Verdadero (V)</b><br><br><i>Verdadero. Masa de aire AM = 1 / cos(48.2) approx 1.5; 'G' indica Global (directa más difusa).</i>
[DIFO] ¿La corriente de cortocircuito (Isc) de una célula fotovoltaica es directamente proporcional a la irradiancia solar incidente G?	<b>Verdadero (V)</b><br><br><i>Verdadero. A mayor flujo de fotones con energía superior al bandgap, mayor generación de pares electrón-hueco.</i>
[DIFO] La tensión de circuito abierto (Voc) de una célula solar aumenta fuertemente al incrementarse la temperatura de la célula.	<b>Falso (F)</b><br><br><i>Falso. La tensión Voc disminuye con la temperatura (típicamente -2 mV/K en silicio) debido al aumento exponencial de la corriente de recombinación térmica inversa I0.</i>
[DIFO] ¿El factor de llenado (Fill Factor FF) cuantifica la cuadratura de la curva I-V y la calidad de la célula, situándose típicamente entre 0.75 y 0.85 en células comerciales de alta calidad?	<b>Verdadero (V)</b><br><br><i>Verdadero. FF = (Vmpp * Impp) / (Voc * Isc).</i>
[DIFO] ¿La resistencia serie parasitaria (Rs) degrada principalmente el factor de llenado a altas intensidades, mientras que una baja resistencia shunt (Rsh) provoca fugas de corriente a bajas tensiones?	<b>Verdadero (V)</b><br><br><i>Verdadero. Se busca minimizar Rs (contactos óhmicos óptimos) y maximizar Rsh (evitar defectos de recombinación periférica).</i>
[DIFO] El límite termodinámico teórico de Shockley-Queisser para una célula fotovoltaica de una única unión p-n bajo iluminación solar no concentrada es de aproximadamente el 85%.	<b>Falso (F)</b><br><br><i>Falso. El límite teórico de Shockley-Queisser es de aproximadamente el 33.7% (a Eg approx 1.34 eV) debido a pérdidas por termalización y fotones no absorbidos por debajo del bandgap.</i>
[DIFO] ¿El algoritmo MPPT de Perturbar y Observar (P&O) ajusta periódicamente la tensión de operación observando si la potencia aumenta o disminuye para rastrear el MPP?	<b>Verdadero (V)</b><br><br><i>Verdadero. Algoritmo clásico ampliamente implementado por su sencillez y eficacia.</i>
[DIFO] ¿En el algoritmo MPPT de Conductancia Incremental, el punto de máxima potencia (MPP) se alcanza exactamente cuando la conductancia incremental dI/dV es igual a la conductancia instantánea opuesta -I/V?	<b>Verdadero (V)</b><br><br><i>Verdadero. Deriva de dP/dV = d(V*I)/dV = I + V*(dI/dV) = 0.</i>
[DIFO] Los diodos de bypass conectados en antiparalelo con grupos de células solares agravan el efecto destructivo de puntos calientes (hot-spots) causados por sombras parciales.	<b>Falso (F)</b><br><br><i>Falso. Protegen el módulo puenteando las células sombreadas e impidiendo que queden polarizadas en inversa disipando potencia de las demás células en forma de calor destructivo.</i>
[DIFO] ¿Las células de heterounión de silicio (HJT) combinan obleas de silicio cristalino con capas ultra-delgadas de silicio amorfo intrínseco pasivante para reducir drásticamente la recombinación superficial?	<b>Verdadero (V)</b><br><br><i>Verdadero. Alcanzan altos valores de Voc (> 730 mV) y coeficientes de temperatura muy favorables.</i>
[DIFO] ¿Las células solares en tándem de Perovskita sobre Silicio superan el límite de Shockley-Queisser al absorber fotones de alta energía en la perovskita superior y los de baja en el silicio inferior?	<b>Verdadero (V)</b><br><br><i>Verdadero. Tecnología emergente con eficiencias en laboratorio que superan el 33%.</i>
[DIFO] ¿La reflectividad de la superficie de silicio pulido (aprox. 35%) se reduce a menos del 1% mediante texturizado piramidal químico y recubrimientos antirreflectantes (como nitruro de silicio SiNx)?	<b>Verdadero (V)</b><br><br><i>Verdadero. Maximiza la absorción óptica de fotones incidentes.</i>
[DIFO] ¿La constante solar extraterrestre en el límite superior de la atmósfera terrestre es de aproximadamente 1367 W/m^2?	<b>Verdadero (V)</b><br><br><i>Verdadero. Valor medio de irradiancia solar en el espacio a 1 Unidad Astronómica.</i>
[INT] ¿El modelo en V de ingeniería de sistemas establece que cada fase de definición y descomposición del sistema a la izquierda se corresponde con una fase equivalente de prueba e integración a la derecha?	<b>Verdadero (V)</b><br><br><i>Verdadero. Relaciona requisitos de usuario con aceptación, arquitectura con integración, y diseño de detalle con verificación de componentes.</i>
[INT] ¿El análisis modal de fallos y efectos (FMEA/AMFE) calcula el Número de Prioridad de Riesgo (RPN) como el producto de Severidad x Ocurrencia x Detección?	<b>Verdadero (V)</b><br><br><i>Verdadero. RPN = S * O * D; permite jerarquizar las acciones mitigadoras prioritarias.</i>
[INT] La disponibilidad técnica de un sistema depende únicamente del tiempo medio entre fallos (MTBF) y es independiente del tiempo medio de reparación (MTTR).	<b>Falso (F)</b><br><br><i>Falso. La disponibilidad es A = MTBF / (MTBF + MTTR); reducir el tiempo de diagnóstico y reparación (MTTR) eleva directamente la disponibilidad.</i>
[INT] ¿La matriz de trazabilidad de requisitos garantiza que todos y cada uno de los requisitos del cliente estén vinculados con elementos de diseño arquitectónico y con sus correspondientes casos de prueba de verificación?	<b>Verdadero (V)</b><br><br><i>Verdadero. Asegura la cobertura total del ciclo de desarrollo sin omisiones.</i>
[INT] ¿En un sistema redundante de dos canales en paralelo activo, el sistema falla únicamente si ambos canales fallan simultáneamente?	<b>Verdadero (V)</b><br><br><i>Verdadero. R_paralelo = 1 - (1 - R1)*(1 - R2) > R_individual.</i>
[INT] En un sistema serie de N componentes independientes, la tasa de fallos total del sistema es menor que la tasa de fallos del componente más fiable.	<b>Falso (F)</b><br><br><i>Falso. En un sistema serie las tasas de fallo se suman (lambda_sys = sum(lambda_i)), por lo que la fiabilidad total es siempre inferior a la de cualquiera de sus componentes individuales.</i>
[INT] ¿La simulación Hardware-in-the-Loop (HIL) conecta la unidad de control electrónica real (ECU o placa embebida) a un simulador informático en tiempo real que emula el entorno físico y los actuadores?	<b>Verdadero (V)</b><br><br><i>Verdadero. Permite validar exhaustivamente el firmware ante condiciones límite y fallos sin riesgo de daños físicos.</i>
[INT] ¿El documento de control de interfaz (ICD - Interface Control Document) especifica con precisión los protocolos mecánicos, eléctricos, lógicos y térmicos entre dos subsistemas?	<b>Verdadero (V)</b><br><br><i>Verdadero. Evita incompatibilidades de integración entre equipos de diseño independientes.</i>
[INT] La fase de verificación (Verification) responde a la pregunta '¿Hemos construido el producto correcto según las necesidades del usuario final?'.	<b>Falso (F)</b><br><br><i>Falso. Esa es la Validación (Validation: 'right product'); la Verificación (Verification: 'product right') responde a '¿Hemos construido el producto correctamente conforme a las especificaciones técnicas?'.</i>
[INT] ¿Los ensayos ambientales de choque térmico y vibración senoidal/aleatoria cualifican los equipos electrónicos frente a fatiga estructural previa a su despliegue operativo en campo?	<b>Verdadero (V)</b><br><br><i>Verdadero. Normativas MIL-STD, DO-160, ISO 16750 y CE.</i>
[INT] ¿La curva de la bañera (bathtub curve) describe tres periodos de tasa de fallos de un equipo: mortalidad infantil decreciente, vida útil con tasa de fallos constante, y desgaste por envejecimiento creciente?	<b>Verdadero (V)</b><br><br><i>Verdadero. Modelo clásico de ingeniería de fiabilidad.</i>
[INT] ¿La integración continua de hardware (Hardware CI) automatiza el flasheo de firmware y la ejecución de tests unitarios y de integración nocturnos en bancos de prueba reales?	<b>Verdadero (V)</b><br><br><i>Verdadero. Detecta regresiones de firmware y hardware con gran celeridad.</i>
[INT] ¿El Trabajo de Fin de Grado (TFG) sintetiza de forma integral las competencias científicas, tecnológicas, metodológicas y comunicativas adquiridas a lo largo de todo el grado en ingeniería?	<b>Verdadero (V)</b><br><br><i>Verdadero. Culminación académica oficial acreditada por la UPC y la ETSETB.</i>